DROP DATABASE IF EXISTS vk;
CREATE DATABASE vk;
USE vk;


#
# TABLE STRUCTURE FOR: users
#

DROP TABLE IF EXISTS `users`;

CREATE TABLE `users` (
  `id` bigint(20) unsigned NOT NULL AUTO_INCREMENT,
  `firstname` varchar(50) COLLATE utf8_unicode_ci DEFAULT NULL,
  `lastname` varchar(50) COLLATE utf8_unicode_ci DEFAULT NULL COMMENT 'Фамилия пользователя',
  `email` varchar(120) COLLATE utf8_unicode_ci DEFAULT NULL,
  `phone` bigint(20) DEFAULT NULL,
  PRIMARY KEY (`id`),
  UNIQUE KEY `email` (`email`),
  KEY `users_phone_idx` (`phone`),
  KEY `users_firstname_lastname_idx` (`firstname`,`lastname`)
) ENGINE=InnoDB AUTO_INCREMENT=101 DEFAULT CHARSET=utf8 COLLATE=utf8_unicode_ci;

INSERT INTO `users` (`id`, `firstname`, `lastname`, `email`, `phone`) VALUES ('1', 'Manuela', 'Jacobs', 'nreilly@example.net', '837772');
INSERT INTO `users` (`id`, `firstname`, `lastname`, `email`, `phone`) VALUES ('2', 'Sidney', 'Watsica', 'nfranecki@example.com', '1');
INSERT INTO `users` (`id`, `firstname`, `lastname`, `email`, `phone`) VALUES ('3', 'Boris', 'Paucek', 'faye37@example.net', '8832725842');
INSERT INTO `users` (`id`, `firstname`, `lastname`, `email`, `phone`) VALUES ('4', 'Johnson', 'Zulauf', 'fkuphal@example.org', '762887');
INSERT INTO `users` (`id`, `firstname`, `lastname`, `email`, `phone`) VALUES ('5', 'Terence', 'Renner', 'goodwin.camila@example.org', '1');
INSERT INTO `users` (`id`, `firstname`, `lastname`, `email`, `phone`) VALUES ('6', 'Greg', 'Ritchie', 'o\'keefe.deja@example.com', '582810');
INSERT INTO `users` (`id`, `firstname`, `lastname`, `email`, `phone`) VALUES ('7', 'Kelton', 'McLaughlin', 'nmann@example.com', '1');
INSERT INTO `users` (`id`, `firstname`, `lastname`, `email`, `phone`) VALUES ('8', 'Adonis', 'Kuphal', 'rossie87@example.net', '684');
INSERT INTO `users` (`id`, `firstname`, `lastname`, `email`, `phone`) VALUES ('9', 'Princess', 'Sipes', 'yvette23@example.com', '810');
INSERT INTO `users` (`id`, `firstname`, `lastname`, `email`, `phone`) VALUES ('10', 'Glenda', 'Bode', 'ykerluke@example.org', '73056755');
INSERT INTO `users` (`id`, `firstname`, `lastname`, `email`, `phone`) VALUES ('11', 'Samson', 'Will', 'kelly.dickens@example.com', '52');
INSERT INTO `users` (`id`, `firstname`, `lastname`, `email`, `phone`) VALUES ('12', 'Braxton', 'Russel', 'gullrich@example.org', '4099728564');
INSERT INTO `users` (`id`, `firstname`, `lastname`, `email`, `phone`) VALUES ('13', 'Lonnie', 'Lueilwitz', 'viola.bruen@example.org', '0');
INSERT INTO `users` (`id`, `firstname`, `lastname`, `email`, `phone`) VALUES ('14', 'Roma', 'Klocko', 'chelsea.wilkinson@example.org', '1');
INSERT INTO `users` (`id`, `firstname`, `lastname`, `email`, `phone`) VALUES ('15', 'Vallie', 'Koepp', 'zlindgren@example.org', '1');
INSERT INTO `users` (`id`, `firstname`, `lastname`, `email`, `phone`) VALUES ('16', 'Patsy', 'Fritsch', 'dfahey@example.com', '1');
INSERT INTO `users` (`id`, `firstname`, `lastname`, `email`, `phone`) VALUES ('17', 'Chelsea', 'Sawayn', 'jakubowski.blaze@example.net', '90');
INSERT INTO `users` (`id`, `firstname`, `lastname`, `email`, `phone`) VALUES ('18', 'Zion', 'Becker', 'seth.bogan@example.com', '98');
INSERT INTO `users` (`id`, `firstname`, `lastname`, `email`, `phone`) VALUES ('19', 'Ivory', 'Johns', 'edwin.prohaska@example.com', '1');
INSERT INTO `users` (`id`, `firstname`, `lastname`, `email`, `phone`) VALUES ('20', 'Jennyfer', 'Boyer', 'jadyn.hermann@example.net', '495214');
INSERT INTO `users` (`id`, `firstname`, `lastname`, `email`, `phone`) VALUES ('21', 'Carolanne', 'Kozey', 'garth29@example.com', '0');
INSERT INTO `users` (`id`, `firstname`, `lastname`, `email`, `phone`) VALUES ('22', 'Enrico', 'Hyatt', 'amaya88@example.org', '162100');
INSERT INTO `users` (`id`, `firstname`, `lastname`, `email`, `phone`) VALUES ('23', 'Katlynn', 'Robel', 'lilliana.dickens@example.org', '858661');
INSERT INTO `users` (`id`, `firstname`, `lastname`, `email`, `phone`) VALUES ('24', 'Eleonore', 'Barrows', 'xparker@example.com', '868');
INSERT INTO `users` (`id`, `firstname`, `lastname`, `email`, `phone`) VALUES ('25', 'Rickie', 'Bashirian', 'rschiller@example.org', '1');
INSERT INTO `users` (`id`, `firstname`, `lastname`, `email`, `phone`) VALUES ('26', 'Eino', 'Schmitt', 'fo\'hara@example.net', '486510');
INSERT INTO `users` (`id`, `firstname`, `lastname`, `email`, `phone`) VALUES ('27', 'Joannie', 'Ryan', 'wgutmann@example.net', '861');
INSERT INTO `users` (`id`, `firstname`, `lastname`, `email`, `phone`) VALUES ('28', 'Elyssa', 'Rogahn', 'maybell94@example.net', '1');
INSERT INTO `users` (`id`, `firstname`, `lastname`, `email`, `phone`) VALUES ('29', 'Johan', 'Monahan', 'jermain20@example.com', '780955');
INSERT INTO `users` (`id`, `firstname`, `lastname`, `email`, `phone`) VALUES ('30', 'Domenic', 'Mayert', 'jacobs.jordane@example.org', '1');
INSERT INTO `users` (`id`, `firstname`, `lastname`, `email`, `phone`) VALUES ('31', 'Americo', 'Howe', 'keith.bradtke@example.org', '1');
INSERT INTO `users` (`id`, `firstname`, `lastname`, `email`, `phone`) VALUES ('32', 'Karine', 'Rodriguez', 'adrian74@example.net', '327');
INSERT INTO `users` (`id`, `firstname`, `lastname`, `email`, `phone`) VALUES ('33', 'Yasmine', 'Kilback', 'angus.schinner@example.net', '1');
INSERT INTO `users` (`id`, `firstname`, `lastname`, `email`, `phone`) VALUES ('34', 'Claude', 'Beahan', 'tkeebler@example.net', '701279');
INSERT INTO `users` (`id`, `firstname`, `lastname`, `email`, `phone`) VALUES ('35', 'Milford', 'Smith', 'evelyn.kuhic@example.net', '1');
INSERT INTO `users` (`id`, `firstname`, `lastname`, `email`, `phone`) VALUES ('36', 'Earnestine', 'Kulas', 'alfonzo29@example.net', '1');
INSERT INTO `users` (`id`, `firstname`, `lastname`, `email`, `phone`) VALUES ('37', 'Nova', 'Goldner', 'alf46@example.com', '1');
INSERT INTO `users` (`id`, `firstname`, `lastname`, `email`, `phone`) VALUES ('38', 'Brannon', 'Cronin', 'billie04@example.org', '397');
INSERT INTO `users` (`id`, `firstname`, `lastname`, `email`, `phone`) VALUES ('39', 'Monty', 'Blanda', 'casper.demond@example.com', '1');
INSERT INTO `users` (`id`, `firstname`, `lastname`, `email`, `phone`) VALUES ('40', 'Pete', 'Hammes', 'powlowski.kristy@example.com', '0');
INSERT INTO `users` (`id`, `firstname`, `lastname`, `email`, `phone`) VALUES ('41', 'Rachael', 'Ledner', 'andreane79@example.com', '175');
INSERT INTO `users` (`id`, `firstname`, `lastname`, `email`, `phone`) VALUES ('42', 'Doris', 'Labadie', 'gleason.stacy@example.org', '0');
INSERT INTO `users` (`id`, `firstname`, `lastname`, `email`, `phone`) VALUES ('43', 'Javon', 'Feil', 'leopoldo.will@example.com', '87861');
INSERT INTO `users` (`id`, `firstname`, `lastname`, `email`, `phone`) VALUES ('44', 'Brady', 'Considine', 'runte.sasha@example.net', '1');
INSERT INTO `users` (`id`, `firstname`, `lastname`, `email`, `phone`) VALUES ('45', 'Emile', 'Morissette', 'hudson.blanca@example.org', '0');
INSERT INTO `users` (`id`, `firstname`, `lastname`, `email`, `phone`) VALUES ('46', 'Cathryn', 'Robel', 'pwalter@example.org', '1');
INSERT INTO `users` (`id`, `firstname`, `lastname`, `email`, `phone`) VALUES ('47', 'Name', 'Jaskolski', 'mathilde.waters@example.net', '0');
INSERT INTO `users` (`id`, `firstname`, `lastname`, `email`, `phone`) VALUES ('48', 'Haley', 'Schaden', 'ricky53@example.com', '63153');
INSERT INTO `users` (`id`, `firstname`, `lastname`, `email`, `phone`) VALUES ('49', 'Hallie', 'Toy', 'mauricio53@example.net', '0');
INSERT INTO `users` (`id`, `firstname`, `lastname`, `email`, `phone`) VALUES ('50', 'Brennan', 'Wolf', 'braun.blaise@example.com', '13');
INSERT INTO `users` (`id`, `firstname`, `lastname`, `email`, `phone`) VALUES ('51', 'Logan', 'Mraz', 'destiney.johns@example.com', '0');
INSERT INTO `users` (`id`, `firstname`, `lastname`, `email`, `phone`) VALUES ('52', 'Lilla', 'Leffler', 'clara24@example.com', '801');
INSERT INTO `users` (`id`, `firstname`, `lastname`, `email`, `phone`) VALUES ('53', 'Mckenzie', 'Renner', 'bernhard.zoey@example.org', '0');
INSERT INTO `users` (`id`, `firstname`, `lastname`, `email`, `phone`) VALUES ('54', 'Anne', 'Raynor', 'fadel.hailee@example.net', '1');
INSERT INTO `users` (`id`, `firstname`, `lastname`, `email`, `phone`) VALUES ('55', 'Monica', 'Streich', 'arvid77@example.net', '418');
INSERT INTO `users` (`id`, `firstname`, `lastname`, `email`, `phone`) VALUES ('56', 'Anika', 'Effertz', 'leanna05@example.net', '496197');
INSERT INTO `users` (`id`, `firstname`, `lastname`, `email`, `phone`) VALUES ('57', 'Mose', 'Haag', 'blanca14@example.org', '1');
INSERT INTO `users` (`id`, `firstname`, `lastname`, `email`, `phone`) VALUES ('58', 'Jeramy', 'Senger', 'runte.shane@example.net', '933');
INSERT INTO `users` (`id`, `firstname`, `lastname`, `email`, `phone`) VALUES ('59', 'Kadin', 'Leffler', 'irving76@example.net', '355');
INSERT INTO `users` (`id`, `firstname`, `lastname`, `email`, `phone`) VALUES ('60', 'Myron', 'Tromp', 'bhowell@example.net', '0');
INSERT INTO `users` (`id`, `firstname`, `lastname`, `email`, `phone`) VALUES ('61', 'Macey', 'Hackett', 'rozella19@example.org', '1');
INSERT INTO `users` (`id`, `firstname`, `lastname`, `email`, `phone`) VALUES ('62', 'Retta', 'Bernier', 'pconroy@example.org', '0');
INSERT INTO `users` (`id`, `firstname`, `lastname`, `email`, `phone`) VALUES ('63', 'May', 'Kub', 'jasen.mitchell@example.com', '0');
INSERT INTO `users` (`id`, `firstname`, `lastname`, `email`, `phone`) VALUES ('64', 'Melisa', 'Hauck', 'hudson.cruickshank@example.net', '0');
INSERT INTO `users` (`id`, `firstname`, `lastname`, `email`, `phone`) VALUES ('65', 'Mossie', 'Emmerich', 'maxime74@example.com', '534');
INSERT INTO `users` (`id`, `firstname`, `lastname`, `email`, `phone`) VALUES ('66', 'Cletus', 'Yost', 'gcrist@example.net', '0');
INSERT INTO `users` (`id`, `firstname`, `lastname`, `email`, `phone`) VALUES ('67', 'Kevon', 'Hills', 'sgottlieb@example.com', '0');
INSERT INTO `users` (`id`, `firstname`, `lastname`, `email`, `phone`) VALUES ('68', 'Edyth', 'Stoltenberg', 'jschroeder@example.com', '81772');
INSERT INTO `users` (`id`, `firstname`, `lastname`, `email`, `phone`) VALUES ('69', 'Keaton', 'Marvin', 'hhayes@example.net', '399749');
INSERT INTO `users` (`id`, `firstname`, `lastname`, `email`, `phone`) VALUES ('70', 'Sasha', 'Herzog', 'mikayla75@example.com', '1');
INSERT INTO `users` (`id`, `firstname`, `lastname`, `email`, `phone`) VALUES ('71', 'Coty', 'Moen', 'wlowe@example.org', '1021252077');
INSERT INTO `users` (`id`, `firstname`, `lastname`, `email`, `phone`) VALUES ('72', 'Rosalia', 'Macejkovic', 'legros.cathryn@example.org', '89');
INSERT INTO `users` (`id`, `firstname`, `lastname`, `email`, `phone`) VALUES ('73', 'Maryam', 'Hyatt', 'mcclure.quinten@example.net', '640');
INSERT INTO `users` (`id`, `firstname`, `lastname`, `email`, `phone`) VALUES ('74', 'Iva', 'Stark', 'boberbrunner@example.org', '81');
INSERT INTO `users` (`id`, `firstname`, `lastname`, `email`, `phone`) VALUES ('75', 'Kristin', 'Bogisich', 'bzieme@example.net', '1');
INSERT INTO `users` (`id`, `firstname`, `lastname`, `email`, `phone`) VALUES ('76', 'Cecile', 'Mraz', 'rhett.leffler@example.net', '1');
INSERT INTO `users` (`id`, `firstname`, `lastname`, `email`, `phone`) VALUES ('77', 'Cale', 'Will', 'willy.grant@example.com', '6009');
INSERT INTO `users` (`id`, `firstname`, `lastname`, `email`, `phone`) VALUES ('78', 'Annette', 'Koepp', 'gbartoletti@example.org', '0');
INSERT INTO `users` (`id`, `firstname`, `lastname`, `email`, `phone`) VALUES ('79', 'Jannie', 'Heaney', 'celine99@example.com', '0');
INSERT INTO `users` (`id`, `firstname`, `lastname`, `email`, `phone`) VALUES ('80', 'Jean', 'Welch', 'berenice.monahan@example.org', '0');
INSERT INTO `users` (`id`, `firstname`, `lastname`, `email`, `phone`) VALUES ('81', 'Ashleigh', 'Braun', 'braun.jacinthe@example.net', '4543636441');
INSERT INTO `users` (`id`, `firstname`, `lastname`, `email`, `phone`) VALUES ('82', 'Kenyon', 'Stokes', 'cswaniawski@example.com', '1');
INSERT INTO `users` (`id`, `firstname`, `lastname`, `email`, `phone`) VALUES ('83', 'Darwin', 'Sipes', 'raoul36@example.net', '1673228083');
INSERT INTO `users` (`id`, `firstname`, `lastname`, `email`, `phone`) VALUES ('84', 'Nathanael', 'Goyette', 'khalil.yost@example.com', '121');
INSERT INTO `users` (`id`, `firstname`, `lastname`, `email`, `phone`) VALUES ('85', 'Darwin', 'Haag', 'abeatty@example.org', '2175574853');
INSERT INTO `users` (`id`, `firstname`, `lastname`, `email`, `phone`) VALUES ('86', 'Jaquan', 'Toy', 'shemar62@example.org', '1');
INSERT INTO `users` (`id`, `firstname`, `lastname`, `email`, `phone`) VALUES ('87', 'Rae', 'Leuschke', 'wyatt.flatley@example.org', '1');
INSERT INTO `users` (`id`, `firstname`, `lastname`, `email`, `phone`) VALUES ('88', 'Adrain', 'Kling', 'kschroeder@example.com', '15');
INSERT INTO `users` (`id`, `firstname`, `lastname`, `email`, `phone`) VALUES ('89', 'Vergie', 'Tillman', 'wcasper@example.net', '479');
INSERT INTO `users` (`id`, `firstname`, `lastname`, `email`, `phone`) VALUES ('90', 'Eleazar', 'Marvin', 'jakob58@example.net', '1');
INSERT INTO `users` (`id`, `firstname`, `lastname`, `email`, `phone`) VALUES ('91', 'Jody', 'Bergnaum', 'orn.jean@example.com', '1');
INSERT INTO `users` (`id`, `firstname`, `lastname`, `email`, `phone`) VALUES ('92', 'Bernadine', 'Pfannerstill', 'sonya.king@example.org', '618179');
INSERT INTO `users` (`id`, `firstname`, `lastname`, `email`, `phone`) VALUES ('93', 'Dawson', 'Russel', 'andre31@example.org', '104453');
INSERT INTO `users` (`id`, `firstname`, `lastname`, `email`, `phone`) VALUES ('94', 'Madisen', 'Walker', 'michael.rodriguez@example.org', '369986');
INSERT INTO `users` (`id`, `firstname`, `lastname`, `email`, `phone`) VALUES ('95', 'Vidal', 'Davis', 'dschumm@example.com', '2979270481');
INSERT INTO `users` (`id`, `firstname`, `lastname`, `email`, `phone`) VALUES ('96', 'Treva', 'Ondricka', 'lou37@example.net', '1');
INSERT INTO `users` (`id`, `firstname`, `lastname`, `email`, `phone`) VALUES ('97', 'Allan', 'Kautzer', 'josianne68@example.org', '972570');
INSERT INTO `users` (`id`, `firstname`, `lastname`, `email`, `phone`) VALUES ('98', 'Ettie', 'Breitenberg', 'stoltenberg.frederic@example.net', '867543');
INSERT INTO `users` (`id`, `firstname`, `lastname`, `email`, `phone`) VALUES ('99', 'Christine', 'Beatty', 'gcummerata@example.com', '0');
INSERT INTO `users` (`id`, `firstname`, `lastname`, `email`, `phone`) VALUES ('100', 'Coleman', 'Hintz', 'jackie46@example.org', '0');

#
# TABLE STRUCTURE FOR: profiles
#

DROP TABLE IF EXISTS `profiles`;

CREATE TABLE `profiles` (
  `user_id` bigint(20) unsigned NOT NULL AUTO_INCREMENT,
  `gender` char(1) COLLATE utf8_unicode_ci DEFAULT NULL,
  `birthday` date DEFAULT NULL,
  `photo_id` bigint(20) unsigned DEFAULT NULL,
  `created_at` datetime DEFAULT current_timestamp(),
  `hometown` varchar(100) COLLATE utf8_unicode_ci DEFAULT NULL,
  `education` varchar(100) COLLATE utf8_unicode_ci DEFAULT NULL,
  PRIMARY KEY (`user_id`),
  CONSTRAINT `profiles_ibfk_1` FOREIGN KEY (`user_id`) REFERENCES `users` (`id`)
) ENGINE=InnoDB AUTO_INCREMENT=101 DEFAULT CHARSET=utf8 COLLATE=utf8_unicode_ci;

INSERT INTO `profiles` (`user_id`, `gender`, `birthday`, `photo_id`, `created_at`, `hometown`, `education`) VALUES ('1', 'M', '1990-09-30', '432', '2013-02-18 01:31:51', NULL, NULL);
INSERT INTO `profiles` (`user_id`, `gender`, `birthday`, `photo_id`, `created_at`, `hometown`, `education`) VALUES ('2', 'P', '2013-10-24', '36', '1994-01-16 17:10:01', NULL, NULL);
INSERT INTO `profiles` (`user_id`, `gender`, `birthday`, `photo_id`, `created_at`, `hometown`, `education`) VALUES ('3', 'M', '1994-12-20', '456', '2010-02-08 22:28:20', NULL, NULL);
INSERT INTO `profiles` (`user_id`, `gender`, `birthday`, `photo_id`, `created_at`, `hometown`, `education`) VALUES ('4', 'P', '1995-10-15', '584', '2009-09-13 01:56:52', NULL, NULL);
INSERT INTO `profiles` (`user_id`, `gender`, `birthday`, `photo_id`, `created_at`, `hometown`, `education`) VALUES ('5', 'M', '2002-05-29', '664', '1982-04-19 15:17:48', NULL, NULL);
INSERT INTO `profiles` (`user_id`, `gender`, `birthday`, `photo_id`, `created_at`, `hometown`, `education`) VALUES ('6', 'M', '1998-09-20', '138', '2012-09-03 09:45:03', NULL, NULL);
INSERT INTO `profiles` (`user_id`, `gender`, `birthday`, `photo_id`, `created_at`, `hometown`, `education`) VALUES ('7', 'D', '2005-07-15', '966', '1980-07-07 05:09:46', NULL, NULL);
INSERT INTO `profiles` (`user_id`, `gender`, `birthday`, `photo_id`, `created_at`, `hometown`, `education`) VALUES ('8', 'P', '2019-07-12', '423', '2019-09-08 16:23:39', NULL, NULL);
INSERT INTO `profiles` (`user_id`, `gender`, `birthday`, `photo_id`, `created_at`, `hometown`, `education`) VALUES ('9', 'M', '1990-02-12', '67', '1994-10-04 05:41:24', NULL, NULL);
INSERT INTO `profiles` (`user_id`, `gender`, `birthday`, `photo_id`, `created_at`, `hometown`, `education`) VALUES ('10', 'M', '2001-03-03', '790', '1974-12-24 06:34:44', NULL, NULL);
INSERT INTO `profiles` (`user_id`, `gender`, `birthday`, `photo_id`, `created_at`, `hometown`, `education`) VALUES ('11', 'M', '2007-02-05', '619', '1977-10-02 11:44:44', NULL, NULL);
INSERT INTO `profiles` (`user_id`, `gender`, `birthday`, `photo_id`, `created_at`, `hometown`, `education`) VALUES ('12', 'M', '1990-05-31', '642', '1992-06-12 15:20:19', NULL, NULL);
INSERT INTO `profiles` (`user_id`, `gender`, `birthday`, `photo_id`, `created_at`, `hometown`, `education`) VALUES ('13', 'M', '1980-08-03', '628', '1998-07-26 12:49:38', NULL, NULL);
INSERT INTO `profiles` (`user_id`, `gender`, `birthday`, `photo_id`, `created_at`, `hometown`, `education`) VALUES ('14', 'M', '2012-05-09', '118', '1989-11-27 05:06:10', NULL, NULL);
INSERT INTO `profiles` (`user_id`, `gender`, `birthday`, `photo_id`, `created_at`, `hometown`, `education`) VALUES ('15', 'M', '1978-12-31', '383', '1999-08-06 04:10:07', NULL, NULL);
INSERT INTO `profiles` (`user_id`, `gender`, `birthday`, `photo_id`, `created_at`, `hometown`, `education`) VALUES ('16', 'D', '2013-10-13', '682', '1987-12-27 06:41:22', NULL, NULL);
INSERT INTO `profiles` (`user_id`, `gender`, `birthday`, `photo_id`, `created_at`, `hometown`, `education`) VALUES ('17', 'P', '2011-06-17', '398', '1983-04-04 23:47:28', NULL, NULL);
INSERT INTO `profiles` (`user_id`, `gender`, `birthday`, `photo_id`, `created_at`, `hometown`, `education`) VALUES ('18', 'D', '1971-02-28', '226', '2010-01-03 06:45:07', NULL, NULL);
INSERT INTO `profiles` (`user_id`, `gender`, `birthday`, `photo_id`, `created_at`, `hometown`, `education`) VALUES ('19', 'M', '1973-11-08', '722', '1996-09-13 08:10:29', NULL, NULL);
INSERT INTO `profiles` (`user_id`, `gender`, `birthday`, `photo_id`, `created_at`, `hometown`, `education`) VALUES ('20', 'P', '2002-02-21', '236', '1972-02-10 13:08:20', NULL, NULL);
INSERT INTO `profiles` (`user_id`, `gender`, `birthday`, `photo_id`, `created_at`, `hometown`, `education`) VALUES ('21', 'D', '1989-04-28', '996', '1983-01-27 08:39:34', NULL, NULL);
INSERT INTO `profiles` (`user_id`, `gender`, `birthday`, `photo_id`, `created_at`, `hometown`, `education`) VALUES ('22', 'M', '1978-03-15', '852', '2006-05-22 04:15:45', NULL, NULL);
INSERT INTO `profiles` (`user_id`, `gender`, `birthday`, `photo_id`, `created_at`, `hometown`, `education`) VALUES ('23', 'P', '1997-05-02', '856', '2017-07-04 18:00:38', NULL, NULL);
INSERT INTO `profiles` (`user_id`, `gender`, `birthday`, `photo_id`, `created_at`, `hometown`, `education`) VALUES ('24', 'M', '2011-12-21', '507', '2004-11-23 11:06:27', NULL, NULL);
INSERT INTO `profiles` (`user_id`, `gender`, `birthday`, `photo_id`, `created_at`, `hometown`, `education`) VALUES ('25', 'M', '2002-01-02', '23', '2005-02-03 11:41:39', NULL, NULL);
INSERT INTO `profiles` (`user_id`, `gender`, `birthday`, `photo_id`, `created_at`, `hometown`, `education`) VALUES ('26', 'M', '2006-02-01', '288', '1980-04-07 08:35:43', NULL, NULL);
INSERT INTO `profiles` (`user_id`, `gender`, `birthday`, `photo_id`, `created_at`, `hometown`, `education`) VALUES ('27', 'M', '1973-09-01', '367', '2015-12-13 20:35:33', NULL, NULL);
INSERT INTO `profiles` (`user_id`, `gender`, `birthday`, `photo_id`, `created_at`, `hometown`, `education`) VALUES ('28', 'D', '1983-07-26', '919', '1979-10-14 13:29:39', NULL, NULL);
INSERT INTO `profiles` (`user_id`, `gender`, `birthday`, `photo_id`, `created_at`, `hometown`, `education`) VALUES ('29', 'D', '2006-02-17', '153', '1992-08-09 14:42:47', NULL, NULL);
INSERT INTO `profiles` (`user_id`, `gender`, `birthday`, `photo_id`, `created_at`, `hometown`, `education`) VALUES ('30', 'D', '1982-07-30', '873', '1991-04-18 03:15:22', NULL, NULL);
INSERT INTO `profiles` (`user_id`, `gender`, `birthday`, `photo_id`, `created_at`, `hometown`, `education`) VALUES ('31', 'M', '1974-06-12', '42', '1975-08-13 21:47:16', NULL, NULL);
INSERT INTO `profiles` (`user_id`, `gender`, `birthday`, `photo_id`, `created_at`, `hometown`, `education`) VALUES ('32', 'D', '2019-07-15', '700', '2010-10-13 05:49:59', NULL, NULL);
INSERT INTO `profiles` (`user_id`, `gender`, `birthday`, `photo_id`, `created_at`, `hometown`, `education`) VALUES ('33', 'M', '1992-12-31', '688', '1982-07-02 19:30:43', NULL, NULL);
INSERT INTO `profiles` (`user_id`, `gender`, `birthday`, `photo_id`, `created_at`, `hometown`, `education`) VALUES ('34', 'P', '2012-04-04', '339', '1990-01-25 19:55:16', NULL, NULL);
INSERT INTO `profiles` (`user_id`, `gender`, `birthday`, `photo_id`, `created_at`, `hometown`, `education`) VALUES ('35', 'M', '2017-04-06', '207', '1999-10-11 06:03:19', NULL, NULL);
INSERT INTO `profiles` (`user_id`, `gender`, `birthday`, `photo_id`, `created_at`, `hometown`, `education`) VALUES ('36', 'M', '2018-11-15', '243', '1976-06-20 05:04:58', NULL, NULL);
INSERT INTO `profiles` (`user_id`, `gender`, `birthday`, `photo_id`, `created_at`, `hometown`, `education`) VALUES ('37', 'M', '2012-05-22', '571', '1993-09-18 02:33:28', NULL, NULL);
INSERT INTO `profiles` (`user_id`, `gender`, `birthday`, `photo_id`, `created_at`, `hometown`, `education`) VALUES ('38', 'P', '1996-11-08', '912', '1978-08-29 18:32:21', NULL, NULL);
INSERT INTO `profiles` (`user_id`, `gender`, `birthday`, `photo_id`, `created_at`, `hometown`, `education`) VALUES ('39', 'M', '1979-07-21', '112', '2011-10-03 22:20:19', NULL, NULL);
INSERT INTO `profiles` (`user_id`, `gender`, `birthday`, `photo_id`, `created_at`, `hometown`, `education`) VALUES ('40', 'M', '1973-01-09', '510', '1972-11-21 18:26:18', NULL, NULL);
INSERT INTO `profiles` (`user_id`, `gender`, `birthday`, `photo_id`, `created_at`, `hometown`, `education`) VALUES ('41', 'P', '2019-11-24', '235', '1984-01-06 10:36:08', NULL, NULL);
INSERT INTO `profiles` (`user_id`, `gender`, `birthday`, `photo_id`, `created_at`, `hometown`, `education`) VALUES ('42', 'M', '1992-02-29', '759', '2016-09-20 15:18:11', NULL, NULL);
INSERT INTO `profiles` (`user_id`, `gender`, `birthday`, `photo_id`, `created_at`, `hometown`, `education`) VALUES ('43', 'M', '1998-02-22', '730', '2017-01-29 11:58:32', NULL, NULL);
INSERT INTO `profiles` (`user_id`, `gender`, `birthday`, `photo_id`, `created_at`, `hometown`, `education`) VALUES ('44', 'M', '2017-04-17', '30', '1990-11-05 05:35:59', NULL, NULL);
INSERT INTO `profiles` (`user_id`, `gender`, `birthday`, `photo_id`, `created_at`, `hometown`, `education`) VALUES ('45', 'P', '1973-08-05', '273', '1973-04-17 20:17:52', NULL, NULL);
INSERT INTO `profiles` (`user_id`, `gender`, `birthday`, `photo_id`, `created_at`, `hometown`, `education`) VALUES ('46', 'D', '2019-10-04', '739', '2007-04-05 14:22:43', NULL, NULL);
INSERT INTO `profiles` (`user_id`, `gender`, `birthday`, `photo_id`, `created_at`, `hometown`, `education`) VALUES ('47', 'M', '2004-05-22', '929', '1989-03-05 09:19:03', NULL, NULL);
INSERT INTO `profiles` (`user_id`, `gender`, `birthday`, `photo_id`, `created_at`, `hometown`, `education`) VALUES ('48', 'P', '2010-10-15', '809', '1974-02-02 23:58:33', NULL, NULL);
INSERT INTO `profiles` (`user_id`, `gender`, `birthday`, `photo_id`, `created_at`, `hometown`, `education`) VALUES ('49', 'D', '1983-12-17', '920', '1980-08-28 12:50:41', NULL, NULL);
INSERT INTO `profiles` (`user_id`, `gender`, `birthday`, `photo_id`, `created_at`, `hometown`, `education`) VALUES ('50', 'M', '2011-03-03', '241', '2001-10-25 10:54:59', NULL, NULL);
INSERT INTO `profiles` (`user_id`, `gender`, `birthday`, `photo_id`, `created_at`, `hometown`, `education`) VALUES ('51', 'P', '1981-07-03', '739', '1983-01-20 04:08:06', NULL, NULL);
INSERT INTO `profiles` (`user_id`, `gender`, `birthday`, `photo_id`, `created_at`, `hometown`, `education`) VALUES ('52', 'P', '2001-07-01', '572', '2007-12-11 23:50:21', NULL, NULL);
INSERT INTO `profiles` (`user_id`, `gender`, `birthday`, `photo_id`, `created_at`, `hometown`, `education`) VALUES ('53', 'M', '1970-05-17', '435', '1984-08-26 04:37:33', NULL, NULL);
INSERT INTO `profiles` (`user_id`, `gender`, `birthday`, `photo_id`, `created_at`, `hometown`, `education`) VALUES ('54', 'P', '2002-12-31', '718', '1970-09-13 11:12:53', NULL, NULL);
INSERT INTO `profiles` (`user_id`, `gender`, `birthday`, `photo_id`, `created_at`, `hometown`, `education`) VALUES ('55', 'M', '2018-08-23', '3', '2000-07-20 00:16:30', NULL, NULL);
INSERT INTO `profiles` (`user_id`, `gender`, `birthday`, `photo_id`, `created_at`, `hometown`, `education`) VALUES ('56', 'M', '1973-01-09', '782', '1998-06-07 20:52:03', NULL, NULL);
INSERT INTO `profiles` (`user_id`, `gender`, `birthday`, `photo_id`, `created_at`, `hometown`, `education`) VALUES ('57', 'M', '1982-01-19', '99', '1989-04-21 02:30:31', NULL, NULL);
INSERT INTO `profiles` (`user_id`, `gender`, `birthday`, `photo_id`, `created_at`, `hometown`, `education`) VALUES ('58', 'D', '2011-01-20', '270', '2014-06-25 15:06:36', NULL, NULL);
INSERT INTO `profiles` (`user_id`, `gender`, `birthday`, `photo_id`, `created_at`, `hometown`, `education`) VALUES ('59', 'M', '2015-12-29', '196', '1977-02-27 20:15:26', NULL, NULL);
INSERT INTO `profiles` (`user_id`, `gender`, `birthday`, `photo_id`, `created_at`, `hometown`, `education`) VALUES ('60', 'M', '1978-10-09', '690', '1977-06-26 04:59:53', NULL, NULL);
INSERT INTO `profiles` (`user_id`, `gender`, `birthday`, `photo_id`, `created_at`, `hometown`, `education`) VALUES ('61', 'P', '2008-07-06', '674', '2018-09-18 10:06:26', NULL, NULL);
INSERT INTO `profiles` (`user_id`, `gender`, `birthday`, `photo_id`, `created_at`, `hometown`, `education`) VALUES ('62', 'D', '1984-04-23', '856', '1985-01-30 01:28:29', NULL, NULL);
INSERT INTO `profiles` (`user_id`, `gender`, `birthday`, `photo_id`, `created_at`, `hometown`, `education`) VALUES ('63', 'M', '1978-07-19', '526', '2012-04-10 02:40:16', NULL, NULL);
INSERT INTO `profiles` (`user_id`, `gender`, `birthday`, `photo_id`, `created_at`, `hometown`, `education`) VALUES ('64', 'M', '2020-02-09', '968', '1983-09-06 14:32:16', NULL, NULL);
INSERT INTO `profiles` (`user_id`, `gender`, `birthday`, `photo_id`, `created_at`, `hometown`, `education`) VALUES ('65', 'P', '2011-09-04', '441', '2016-08-18 07:37:42', NULL, NULL);
INSERT INTO `profiles` (`user_id`, `gender`, `birthday`, `photo_id`, `created_at`, `hometown`, `education`) VALUES ('66', 'M', '1973-04-28', '219', '1989-07-05 21:35:50', NULL, NULL);
INSERT INTO `profiles` (`user_id`, `gender`, `birthday`, `photo_id`, `created_at`, `hometown`, `education`) VALUES ('67', 'D', '1991-04-20', '120', '1986-12-15 15:48:14', NULL, NULL);
INSERT INTO `profiles` (`user_id`, `gender`, `birthday`, `photo_id`, `created_at`, `hometown`, `education`) VALUES ('68', 'D', '2000-01-23', '620', '2016-01-23 21:44:34', NULL, NULL);
INSERT INTO `profiles` (`user_id`, `gender`, `birthday`, `photo_id`, `created_at`, `hometown`, `education`) VALUES ('69', 'M', '2015-09-22', '148', '2005-02-16 06:04:03', NULL, NULL);
INSERT INTO `profiles` (`user_id`, `gender`, `birthday`, `photo_id`, `created_at`, `hometown`, `education`) VALUES ('70', 'M', '1971-08-14', '781', '1998-07-22 04:09:45', NULL, NULL);
INSERT INTO `profiles` (`user_id`, `gender`, `birthday`, `photo_id`, `created_at`, `hometown`, `education`) VALUES ('71', 'M', '1995-09-18', '833', '1995-08-24 02:00:47', NULL, NULL);
INSERT INTO `profiles` (`user_id`, `gender`, `birthday`, `photo_id`, `created_at`, `hometown`, `education`) VALUES ('72', 'D', '2014-12-24', '632', '2009-07-24 00:26:42', NULL, NULL);
INSERT INTO `profiles` (`user_id`, `gender`, `birthday`, `photo_id`, `created_at`, `hometown`, `education`) VALUES ('73', 'M', '1985-02-07', '663', '1973-05-01 11:38:42', NULL, NULL);
INSERT INTO `profiles` (`user_id`, `gender`, `birthday`, `photo_id`, `created_at`, `hometown`, `education`) VALUES ('74', 'M', '1998-12-09', '568', '1981-10-15 20:30:39', NULL, NULL);
INSERT INTO `profiles` (`user_id`, `gender`, `birthday`, `photo_id`, `created_at`, `hometown`, `education`) VALUES ('75', 'P', '1997-05-23', '134', '1993-10-22 04:21:14', NULL, NULL);
INSERT INTO `profiles` (`user_id`, `gender`, `birthday`, `photo_id`, `created_at`, `hometown`, `education`) VALUES ('76', 'M', '1970-01-15', '607', '1996-05-02 09:07:55', NULL, NULL);
INSERT INTO `profiles` (`user_id`, `gender`, `birthday`, `photo_id`, `created_at`, `hometown`, `education`) VALUES ('77', 'P', '2013-03-23', '593', '1999-09-22 09:32:59', NULL, NULL);
INSERT INTO `profiles` (`user_id`, `gender`, `birthday`, `photo_id`, `created_at`, `hometown`, `education`) VALUES ('78', 'D', '1993-07-07', '219', '1983-12-04 07:14:29', NULL, NULL);
INSERT INTO `profiles` (`user_id`, `gender`, `birthday`, `photo_id`, `created_at`, `hometown`, `education`) VALUES ('79', 'M', '1988-03-30', '652', '2008-05-29 13:48:38', NULL, NULL);
INSERT INTO `profiles` (`user_id`, `gender`, `birthday`, `photo_id`, `created_at`, `hometown`, `education`) VALUES ('80', 'M', '1997-03-06', '935', '1996-09-27 17:36:21', NULL, NULL);
INSERT INTO `profiles` (`user_id`, `gender`, `birthday`, `photo_id`, `created_at`, `hometown`, `education`) VALUES ('81', 'M', '1978-01-06', '740', '2002-03-14 05:38:51', NULL, NULL);
INSERT INTO `profiles` (`user_id`, `gender`, `birthday`, `photo_id`, `created_at`, `hometown`, `education`) VALUES ('82', 'M', '1982-03-18', '452', '2003-12-22 19:58:00', NULL, NULL);
INSERT INTO `profiles` (`user_id`, `gender`, `birthday`, `photo_id`, `created_at`, `hometown`, `education`) VALUES ('83', 'P', '1999-11-11', '946', '1999-05-12 03:39:10', NULL, NULL);
INSERT INTO `profiles` (`user_id`, `gender`, `birthday`, `photo_id`, `created_at`, `hometown`, `education`) VALUES ('84', 'M', '1976-09-11', '434', '2006-09-24 15:03:25', NULL, NULL);
INSERT INTO `profiles` (`user_id`, `gender`, `birthday`, `photo_id`, `created_at`, `hometown`, `education`) VALUES ('85', 'D', '1971-01-26', '580', '1984-09-22 07:42:16', NULL, NULL);
INSERT INTO `profiles` (`user_id`, `gender`, `birthday`, `photo_id`, `created_at`, `hometown`, `education`) VALUES ('86', 'M', '2019-11-05', '220', '1988-03-21 10:03:39', NULL, NULL);
INSERT INTO `profiles` (`user_id`, `gender`, `birthday`, `photo_id`, `created_at`, `hometown`, `education`) VALUES ('87', 'M', '1991-11-05', '674', '1978-05-31 07:48:12', NULL, NULL);
INSERT INTO `profiles` (`user_id`, `gender`, `birthday`, `photo_id`, `created_at`, `hometown`, `education`) VALUES ('88', 'M', '1987-10-07', '919', '2011-11-25 06:42:04', NULL, NULL);
INSERT INTO `profiles` (`user_id`, `gender`, `birthday`, `photo_id`, `created_at`, `hometown`, `education`) VALUES ('89', 'P', '2012-12-15', '428', '1987-11-10 15:00:41', NULL, NULL);
INSERT INTO `profiles` (`user_id`, `gender`, `birthday`, `photo_id`, `created_at`, `hometown`, `education`) VALUES ('90', 'D', '2003-07-08', '19', '1997-06-20 03:59:54', NULL, NULL);
INSERT INTO `profiles` (`user_id`, `gender`, `birthday`, `photo_id`, `created_at`, `hometown`, `education`) VALUES ('91', 'D', '2002-09-13', '256', '1997-01-14 15:09:16', NULL, NULL);
INSERT INTO `profiles` (`user_id`, `gender`, `birthday`, `photo_id`, `created_at`, `hometown`, `education`) VALUES ('92', 'D', '1970-12-17', '833', '2012-12-22 08:20:00', NULL, NULL);
INSERT INTO `profiles` (`user_id`, `gender`, `birthday`, `photo_id`, `created_at`, `hometown`, `education`) VALUES ('93', 'M', '2007-03-02', '759', '2015-02-28 19:50:39', NULL, NULL);
INSERT INTO `profiles` (`user_id`, `gender`, `birthday`, `photo_id`, `created_at`, `hometown`, `education`) VALUES ('94', 'M', '1994-07-14', '915', '1970-12-14 14:41:16', NULL, NULL);
INSERT INTO `profiles` (`user_id`, `gender`, `birthday`, `photo_id`, `created_at`, `hometown`, `education`) VALUES ('95', 'P', '2013-01-18', '296', '2000-04-25 00:54:43', NULL, NULL);
INSERT INTO `profiles` (`user_id`, `gender`, `birthday`, `photo_id`, `created_at`, `hometown`, `education`) VALUES ('96', 'D', '1987-12-02', '332', '2018-09-28 08:09:56', NULL, NULL);
INSERT INTO `profiles` (`user_id`, `gender`, `birthday`, `photo_id`, `created_at`, `hometown`, `education`) VALUES ('97', 'D', '1977-12-29', '842', '2019-08-03 19:06:25', NULL, NULL);
INSERT INTO `profiles` (`user_id`, `gender`, `birthday`, `photo_id`, `created_at`, `hometown`, `education`) VALUES ('98', 'M', '1990-12-06', '518', '2018-01-24 13:08:52', NULL, NULL);
INSERT INTO `profiles` (`user_id`, `gender`, `birthday`, `photo_id`, `created_at`, `hometown`, `education`) VALUES ('99', 'D', '1984-02-08', '346', '1988-08-09 09:55:18', NULL, NULL);
INSERT INTO `profiles` (`user_id`, `gender`, `birthday`, `photo_id`, `created_at`, `hometown`, `education`) VALUES ('100', 'M', '1998-08-25', '300', '1999-03-19 06:15:08', NULL, NULL);

#
# TABLE STRUCTURE FOR: messages
#

DROP TABLE IF EXISTS `messages`;

CREATE TABLE `messages` (
  `id` bigint(20) unsigned NOT NULL AUTO_INCREMENT,
  `from_user_id` bigint(20) unsigned NOT NULL,
  `to_user_id` bigint(20) unsigned NOT NULL,
  `body` text COLLATE utf8_unicode_ci DEFAULT NULL,
  `created_at` datetime DEFAULT current_timestamp(),
  PRIMARY KEY (`id`),
  KEY `messages_from_user_id` (`from_user_id`),
  KEY `messages_to_user_id` (`to_user_id`),
  CONSTRAINT `messages_ibfk_1` FOREIGN KEY (`from_user_id`) REFERENCES `users` (`id`),
  CONSTRAINT `messages_ibfk_2` FOREIGN KEY (`to_user_id`) REFERENCES `users` (`id`)
) ENGINE=InnoDB AUTO_INCREMENT=101 DEFAULT CHARSET=utf8 COLLATE=utf8_unicode_ci;

INSERT INTO `messages` (`id`, `from_user_id`, `to_user_id`, `body`, `created_at`) VALUES ('1', '65', '53', 'Nostrum numquam aliquam est aut aut. Odit incidunt ipsum fuga. Nihil qui deserunt quaerat reiciendis. Qui nihil omnis dolorem inventore officiis voluptas illo.', '1976-11-22 11:52:52');
INSERT INTO `messages` (`id`, `from_user_id`, `to_user_id`, `body`, `created_at`) VALUES ('2', '77', '29', 'Aliquid ea cupiditate eum sunt corrupti. Repudiandae natus omnis quis ut aut quae suscipit blanditiis.', '2012-12-28 00:29:11');
INSERT INTO `messages` (`id`, `from_user_id`, `to_user_id`, `body`, `created_at`) VALUES ('3', '50', '24', 'In sit distinctio consequuntur voluptatem. Voluptatem qui unde sit fuga reprehenderit ullam a. Quia nostrum et quisquam eum dolore ab fugit est.', '2004-02-16 08:16:35');
INSERT INTO `messages` (`id`, `from_user_id`, `to_user_id`, `body`, `created_at`) VALUES ('4', '28', '57', 'Nihil possimus tempora tempora quo. At aliquid animi voluptatem deserunt. Error natus voluptatum occaecati est ipsum.', '1976-08-23 15:57:51');
INSERT INTO `messages` (`id`, `from_user_id`, `to_user_id`, `body`, `created_at`) VALUES ('5', '18', '84', 'Ut placeat nobis harum harum. Quia eum possimus nostrum praesentium distinctio. Quasi nesciunt eius sed rerum et quos.', '2008-08-23 03:01:55');
INSERT INTO `messages` (`id`, `from_user_id`, `to_user_id`, `body`, `created_at`) VALUES ('6', '20', '31', 'Impedit eum quod repudiandae recusandae asperiores cum. Natus earum nihil non quae nulla temporibus omnis voluptatum. Provident deserunt reiciendis incidunt qui ipsam.', '2020-06-05 02:11:40');
INSERT INTO `messages` (`id`, `from_user_id`, `to_user_id`, `body`, `created_at`) VALUES ('7', '5', '54', 'Eaque inventore possimus exercitationem exercitationem quae at necessitatibus quia. Et qui aut nesciunt error. Velit quam ut delectus ut laboriosam incidunt.', '1985-01-04 16:26:26');
INSERT INTO `messages` (`id`, `from_user_id`, `to_user_id`, `body`, `created_at`) VALUES ('8', '32', '12', 'Facere distinctio qui ut voluptates omnis. Consequuntur qui optio iure incidunt corporis. Reiciendis autem atque consectetur rerum eum odit aliquid. Eos natus tempora nulla sint laborum rerum sunt.', '2018-10-18 13:08:27');
INSERT INTO `messages` (`id`, `from_user_id`, `to_user_id`, `body`, `created_at`) VALUES ('9', '10', '45', 'Quaerat totam repellat voluptate sit. Distinctio ut non sequi dolores aperiam ea et. Autem aut dolorum rerum veritatis.', '1975-10-13 04:42:34');
INSERT INTO `messages` (`id`, `from_user_id`, `to_user_id`, `body`, `created_at`) VALUES ('10', '53', '90', 'Consequuntur voluptatem quo quasi maiores. Nesciunt maxime dolores id reiciendis eligendi tempore recusandae qui. Molestiae rerum autem est et et ea. Ut dignissimos dolorem eius corrupti sed distinctio.', '1996-01-09 11:11:48');
INSERT INTO `messages` (`id`, `from_user_id`, `to_user_id`, `body`, `created_at`) VALUES ('11', '14', '72', 'Incidunt occaecati et qui qui sint possimus eveniet eos. Est placeat accusamus non. Voluptatem qui molestiae unde dolorum facilis.', '1971-08-28 14:49:31');
INSERT INTO `messages` (`id`, `from_user_id`, `to_user_id`, `body`, `created_at`) VALUES ('12', '65', '99', 'Iste nulla enim necessitatibus magni. Soluta omnis veniam aperiam optio accusamus neque quas. Inventore omnis nisi dolorum sint impedit. Laborum dicta molestiae et qui et sit id.', '2000-12-07 12:57:08');
INSERT INTO `messages` (`id`, `from_user_id`, `to_user_id`, `body`, `created_at`) VALUES ('13', '87', '7', 'Odit animi libero animi distinctio totam qui. Maiores velit quaerat velit quis qui ut sequi. Quae natus id ipsam illo delectus.', '2004-12-28 23:25:06');
INSERT INTO `messages` (`id`, `from_user_id`, `to_user_id`, `body`, `created_at`) VALUES ('14', '82', '91', 'Dolores dolorem qui voluptas atque dolore. Harum ducimus non labore voluptatem aut. Doloribus et distinctio distinctio.', '2020-01-14 16:07:36');
INSERT INTO `messages` (`id`, `from_user_id`, `to_user_id`, `body`, `created_at`) VALUES ('15', '76', '95', 'Voluptas labore ab aut nostrum doloremque cumque. Omnis velit deserunt veritatis ipsum quod. Eaque et porro natus eos dignissimos ad.', '2010-03-15 06:58:21');
INSERT INTO `messages` (`id`, `from_user_id`, `to_user_id`, `body`, `created_at`) VALUES ('16', '17', '41', 'Dolores rem asperiores alias corrupti. Sapiente distinctio unde et eius reiciendis in. Et distinctio unde quidem quae.', '1977-04-05 07:30:50');
INSERT INTO `messages` (`id`, `from_user_id`, `to_user_id`, `body`, `created_at`) VALUES ('17', '47', '94', 'Nihil eos ratione quaerat molestiae quia enim. Iure doloremque esse pariatur labore est beatae. Qui impedit eaque aut et rem accusamus. Eligendi sed ducimus itaque amet nulla ut deleniti perspiciatis.', '1998-07-04 06:02:26');
INSERT INTO `messages` (`id`, `from_user_id`, `to_user_id`, `body`, `created_at`) VALUES ('18', '69', '97', 'Et occaecati omnis laborum corrupti quasi repellendus natus. Autem sit veniam sunt et sequi soluta. Excepturi eligendi deserunt ipsum architecto.', '1976-10-31 19:37:44');
INSERT INTO `messages` (`id`, `from_user_id`, `to_user_id`, `body`, `created_at`) VALUES ('19', '17', '97', 'Non libero autem quia natus. Enim numquam rerum aliquid voluptas voluptatem distinctio et. Minima dolorem dignissimos harum repellat in recusandae. Velit quis ut doloribus error ex aliquid. Illum voluptas nemo unde adipisci tempora quo.', '1978-07-16 08:11:51');
INSERT INTO `messages` (`id`, `from_user_id`, `to_user_id`, `body`, `created_at`) VALUES ('20', '53', '35', 'Qui error minima laboriosam. Facilis sed omnis voluptate est ipsa. Qui repudiandae iste adipisci voluptatum qui eum soluta.', '2012-02-29 11:11:24');
INSERT INTO `messages` (`id`, `from_user_id`, `to_user_id`, `body`, `created_at`) VALUES ('21', '80', '72', 'Est id vitae et molestiae voluptates deleniti doloribus. Voluptatem est et quia ea ratione. Saepe enim excepturi quia quod quisquam qui aperiam.', '1971-08-30 20:21:19');
INSERT INTO `messages` (`id`, `from_user_id`, `to_user_id`, `body`, `created_at`) VALUES ('22', '66', '85', 'Culpa quia quibusdam error suscipit hic maxime. Quo quod dolorem rerum dolorem rerum. Omnis architecto nulla sunt cupiditate. Voluptate omnis laborum praesentium voluptas ipsum dolorum.', '1977-05-08 10:53:40');
INSERT INTO `messages` (`id`, `from_user_id`, `to_user_id`, `body`, `created_at`) VALUES ('23', '25', '98', 'Natus sit ipsa illum nihil voluptatem. Nulla reprehenderit dicta sunt. Placeat inventore esse unde minus.', '1985-03-02 08:12:09');
INSERT INTO `messages` (`id`, `from_user_id`, `to_user_id`, `body`, `created_at`) VALUES ('24', '96', '35', 'Occaecati fugiat aut mollitia rem qui veritatis. Sunt nemo explicabo aut eos sit.', '1984-09-08 16:13:09');
INSERT INTO `messages` (`id`, `from_user_id`, `to_user_id`, `body`, `created_at`) VALUES ('25', '43', '48', 'Dolore reprehenderit dolore fuga voluptates quod amet. Qui voluptas quo error eum. Aliquam pariatur temporibus eaque qui.', '2008-03-05 00:55:24');
INSERT INTO `messages` (`id`, `from_user_id`, `to_user_id`, `body`, `created_at`) VALUES ('26', '25', '57', 'Porro consequuntur magni numquam iste adipisci porro harum. Dolor saepe provident modi commodi at. Modi qui omnis earum officia.', '1982-10-27 20:21:39');
INSERT INTO `messages` (`id`, `from_user_id`, `to_user_id`, `body`, `created_at`) VALUES ('27', '20', '90', 'Molestiae est nam dolorem dicta dolor aspernatur. Delectus qui animi et aut sit laborum aliquid ratione. Est quaerat labore molestiae blanditiis.', '2001-08-23 13:28:40');
INSERT INTO `messages` (`id`, `from_user_id`, `to_user_id`, `body`, `created_at`) VALUES ('28', '55', '7', 'Perspiciatis praesentium eos culpa fugiat sit quia voluptas. Magnam impedit maxime sit tempore vel totam enim. Aspernatur eos ex et qui quia impedit nobis et. Non minus nihil possimus perspiciatis ea.', '1991-12-07 17:49:02');
INSERT INTO `messages` (`id`, `from_user_id`, `to_user_id`, `body`, `created_at`) VALUES ('29', '96', '36', 'Voluptatem cum reiciendis non excepturi eum. Dignissimos deserunt necessitatibus omnis provident. Tempore cupiditate ipsam consequuntur harum laborum laborum cum. Aut mollitia tenetur veniam et autem voluptates.', '2009-03-16 12:08:18');
INSERT INTO `messages` (`id`, `from_user_id`, `to_user_id`, `body`, `created_at`) VALUES ('30', '98', '71', 'Repellat quisquam doloremque est sit ut. Cupiditate molestiae perferendis dicta suscipit eligendi. Ipsum et odio corrupti voluptas.', '1989-01-02 15:32:02');
INSERT INTO `messages` (`id`, `from_user_id`, `to_user_id`, `body`, `created_at`) VALUES ('31', '30', '15', 'Numquam voluptatum repellendus autem maiores aut enim quaerat. Rerum voluptatem sed optio fugit ut. Quis officiis ab debitis.', '1999-12-15 13:13:33');
INSERT INTO `messages` (`id`, `from_user_id`, `to_user_id`, `body`, `created_at`) VALUES ('32', '12', '76', 'Quisquam et praesentium molestias. Magni ab sed quia earum aut nihil distinctio vel. Cumque beatae optio sint voluptatum ab necessitatibus. Qui iste quasi et facere ut reprehenderit sed. Accusantium ipsum quae alias eos.', '1983-10-18 03:34:12');
INSERT INTO `messages` (`id`, `from_user_id`, `to_user_id`, `body`, `created_at`) VALUES ('33', '8', '80', 'Consequuntur et voluptatem dignissimos dolor. Laborum nihil illo illum exercitationem est officiis sit. Alias voluptas voluptatum pariatur iure. Beatae qui non optio itaque reiciendis quidem explicabo incidunt. Sint accusamus rem aut minus et et.', '1996-12-20 13:39:10');
INSERT INTO `messages` (`id`, `from_user_id`, `to_user_id`, `body`, `created_at`) VALUES ('34', '72', '25', 'Officiis hic maxime minus non. Est esse iusto quod ut. Natus non laborum sunt minus beatae corrupti dolorem.', '2002-09-03 14:54:43');
INSERT INTO `messages` (`id`, `from_user_id`, `to_user_id`, `body`, `created_at`) VALUES ('35', '77', '25', 'Id delectus odit molestiae sed. Quis beatae asperiores recusandae. Perferendis voluptas quia et magni.', '2004-10-10 23:51:47');
INSERT INTO `messages` (`id`, `from_user_id`, `to_user_id`, `body`, `created_at`) VALUES ('36', '60', '56', 'Consequuntur odio voluptatem reiciendis ab minima totam et. Et culpa est nam veniam ea. Et ut omnis cumque ab tempore sequi ea cupiditate. Eaque in et est nesciunt.', '1993-05-27 14:01:23');
INSERT INTO `messages` (`id`, `from_user_id`, `to_user_id`, `body`, `created_at`) VALUES ('37', '96', '26', 'In voluptas dolorem impedit. Excepturi perspiciatis cum expedita qui. Consequatur quia vitae laborum iure voluptatem reiciendis. Vel similique consectetur similique quia quia.', '1995-04-03 09:05:31');
INSERT INTO `messages` (`id`, `from_user_id`, `to_user_id`, `body`, `created_at`) VALUES ('38', '40', '21', 'Et quisquam ut ut voluptatibus aut recusandae et. Quos qui aut aspernatur doloremque tempore molestiae veniam quos. Officia vitae aut inventore rerum natus. Quam illo quis at qui placeat.', '1995-06-09 19:51:16');
INSERT INTO `messages` (`id`, `from_user_id`, `to_user_id`, `body`, `created_at`) VALUES ('39', '24', '36', 'Quisquam impedit quam libero magni. Debitis quaerat et libero ut aut.', '1997-01-29 04:02:13');
INSERT INTO `messages` (`id`, `from_user_id`, `to_user_id`, `body`, `created_at`) VALUES ('40', '56', '67', 'Deserunt a libero sed. Soluta qui soluta natus explicabo labore dolores. Minus nihil exercitationem ullam exercitationem pariatur. Velit aut ab id saepe.', '1984-11-12 03:12:37');
INSERT INTO `messages` (`id`, `from_user_id`, `to_user_id`, `body`, `created_at`) VALUES ('41', '84', '80', 'Nulla consequatur in culpa voluptatem ad. Voluptatem et est dolor amet consequatur repellendus. Rerum laudantium facilis dolores minus. Rerum numquam ab sed ut sed aut.', '1983-08-28 12:18:05');
INSERT INTO `messages` (`id`, `from_user_id`, `to_user_id`, `body`, `created_at`) VALUES ('42', '23', '3', 'Perspiciatis fugit distinctio quis ut. Et est ab expedita. Id molestias numquam ut quia provident. Voluptates consequuntur dicta sapiente nihil ut.', '2000-01-05 08:51:59');
INSERT INTO `messages` (`id`, `from_user_id`, `to_user_id`, `body`, `created_at`) VALUES ('43', '69', '77', 'Qui tempora mollitia delectus aut molestiae provident autem ad. Sequi nulla aspernatur et illo voluptatum. Sed accusamus molestiae nam architecto.', '2012-05-24 14:58:46');
INSERT INTO `messages` (`id`, `from_user_id`, `to_user_id`, `body`, `created_at`) VALUES ('44', '10', '65', 'Sunt et et ex magnam vel vitae. Nobis earum ea pariatur esse doloremque. Omnis sit est consequatur inventore ex dolorum. Veritatis aut est ipsam repellendus adipisci qui mollitia aspernatur.', '2018-06-05 15:06:01');
INSERT INTO `messages` (`id`, `from_user_id`, `to_user_id`, `body`, `created_at`) VALUES ('45', '12', '8', 'Quisquam at eum adipisci corrupti. Repellat voluptas quidem eius id.', '2001-06-08 13:01:18');
INSERT INTO `messages` (`id`, `from_user_id`, `to_user_id`, `body`, `created_at`) VALUES ('46', '36', '42', 'Recusandae et modi quo velit recusandae et fugit. Ea id ut ipsum aliquam doloribus. Rerum voluptatum laboriosam blanditiis. Voluptas repellat sint et ad maiores ut sed.', '1972-08-01 02:08:06');
INSERT INTO `messages` (`id`, `from_user_id`, `to_user_id`, `body`, `created_at`) VALUES ('47', '22', '47', 'Sit est hic nemo qui ipsum dolor. Et odio quae quisquam velit doloremque fugit fugiat. Explicabo rem animi dignissimos ratione.', '2017-12-22 21:11:57');
INSERT INTO `messages` (`id`, `from_user_id`, `to_user_id`, `body`, `created_at`) VALUES ('48', '18', '30', 'At qui tempora ut hic. Doloremque quos sed quis quisquam.', '2008-11-23 01:40:54');
INSERT INTO `messages` (`id`, `from_user_id`, `to_user_id`, `body`, `created_at`) VALUES ('49', '26', '89', 'Corrupti eos rerum dolores. Quibusdam nulla maiores consequatur eum alias. Qui repudiandae quaerat laudantium qui consequatur ipsum magnam.', '1993-12-08 11:00:01');
INSERT INTO `messages` (`id`, `from_user_id`, `to_user_id`, `body`, `created_at`) VALUES ('50', '55', '3', 'Sit occaecati porro natus veritatis numquam est. Dolorem fugiat itaque ut doloremque. Eveniet qui sit voluptatem accusantium ut.', '1991-03-06 17:14:02');
INSERT INTO `messages` (`id`, `from_user_id`, `to_user_id`, `body`, `created_at`) VALUES ('51', '13', '15', 'Qui perspiciatis velit sed sit ut autem. Temporibus sunt perferendis repudiandae omnis laboriosam rem.', '1973-06-07 00:20:12');
INSERT INTO `messages` (`id`, `from_user_id`, `to_user_id`, `body`, `created_at`) VALUES ('52', '58', '9', 'Officia voluptate quo labore veniam labore et. Tempore quos autem est fugiat officiis. Corporis laborum nesciunt maiores iste quam ea molestiae unde. Adipisci aut sed maxime qui quas suscipit et quod. Iure voluptatem quisquam error quam.', '1985-06-17 15:23:11');
INSERT INTO `messages` (`id`, `from_user_id`, `to_user_id`, `body`, `created_at`) VALUES ('53', '41', '98', 'Dolores eum incidunt et quis tempore. Voluptatibus et aperiam dolores voluptas. Impedit rerum omnis perferendis.', '1996-08-16 10:42:41');
INSERT INTO `messages` (`id`, `from_user_id`, `to_user_id`, `body`, `created_at`) VALUES ('54', '30', '64', 'Voluptas dignissimos quaerat quasi quis quia totam. Et sed ratione voluptatem. Sit voluptatem et et quas aliquid corporis corrupti.', '2011-12-09 00:39:46');
INSERT INTO `messages` (`id`, `from_user_id`, `to_user_id`, `body`, `created_at`) VALUES ('55', '33', '85', 'Ut eos qui accusamus praesentium esse. Consequuntur exercitationem eaque aut sed aliquam sed. Omnis est quo voluptatem vel et. Quam quasi quos doloribus quia earum.', '1976-11-06 11:53:41');
INSERT INTO `messages` (`id`, `from_user_id`, `to_user_id`, `body`, `created_at`) VALUES ('56', '30', '17', 'Nam quod officia alias odio quisquam officiis. Aut a dolores accusantium. Et perspiciatis voluptatem consequatur amet iusto officia.', '1982-03-04 09:06:50');
INSERT INTO `messages` (`id`, `from_user_id`, `to_user_id`, `body`, `created_at`) VALUES ('57', '64', '52', 'Neque doloremque iusto ratione at. Rerum ipsam veniam provident adipisci molestiae odit. Dolorem neque earum vel autem quisquam. Cupiditate dolor expedita dolor eos dolor quam. Debitis consequatur officia cumque explicabo enim nesciunt commodi.', '1992-08-12 09:40:31');
INSERT INTO `messages` (`id`, `from_user_id`, `to_user_id`, `body`, `created_at`) VALUES ('58', '19', '32', 'Nisi illum odio et quia voluptatem similique. Facere ut consectetur labore officia sequi enim.', '2016-01-11 11:34:19');
INSERT INTO `messages` (`id`, `from_user_id`, `to_user_id`, `body`, `created_at`) VALUES ('59', '29', '29', 'Molestias quia ut harum. Ab sunt impedit nemo non sunt ut. Harum fugiat veritatis facilis aut porro nostrum. Quia aut saepe qui corporis illum molestiae.', '1975-07-09 11:16:36');
INSERT INTO `messages` (`id`, `from_user_id`, `to_user_id`, `body`, `created_at`) VALUES ('60', '96', '40', 'Sint nihil quam et optio enim veniam aspernatur. Voluptatem asperiores cupiditate qui aspernatur natus. Sint tempora labore in consequuntur aut eveniet. Aut ratione eaque veritatis maxime quae ipsam dolor. Eos voluptas delectus et distinctio veritatis deleniti accusantium deleniti.', '1973-08-24 15:36:32');
INSERT INTO `messages` (`id`, `from_user_id`, `to_user_id`, `body`, `created_at`) VALUES ('61', '36', '32', 'Et illo itaque consequatur non debitis fugit et. Officia saepe alias dolor ut non voluptatem quia. Id iusto ipsa laboriosam.', '1982-05-31 16:27:43');
INSERT INTO `messages` (`id`, `from_user_id`, `to_user_id`, `body`, `created_at`) VALUES ('62', '82', '58', 'Iste facilis unde similique voluptatem odio. Vitae id recusandae aut reiciendis quo. Veritatis aliquam aut repudiandae.', '1982-12-13 01:46:45');
INSERT INTO `messages` (`id`, `from_user_id`, `to_user_id`, `body`, `created_at`) VALUES ('63', '78', '99', 'Necessitatibus laborum sequi debitis. Et id et eum explicabo excepturi. Provident vero odio sed. Quo iure impedit incidunt et. Quisquam impedit natus quis omnis aliquid ut.', '1990-10-22 03:49:20');
INSERT INTO `messages` (`id`, `from_user_id`, `to_user_id`, `body`, `created_at`) VALUES ('64', '88', '4', 'Quidem adipisci numquam ut ea velit. Sunt similique sed aut consequatur pariatur eius similique. Rerum velit animi omnis unde.', '1976-11-22 12:17:38');
INSERT INTO `messages` (`id`, `from_user_id`, `to_user_id`, `body`, `created_at`) VALUES ('65', '88', '42', 'Aperiam totam deserunt deleniti non est quas. A et velit amet ipsam et aperiam libero. Molestiae non omnis quod aliquid ipsa omnis. Non excepturi in voluptatem aliquid libero quis ad.', '1998-12-17 00:57:06');
INSERT INTO `messages` (`id`, `from_user_id`, `to_user_id`, `body`, `created_at`) VALUES ('66', '6', '1', 'Sit ut esse soluta enim qui mollitia natus. Reprehenderit nam illo eos aliquid blanditiis soluta numquam. Est voluptas inventore quia iste neque numquam.', '2001-08-28 14:46:59');
INSERT INTO `messages` (`id`, `from_user_id`, `to_user_id`, `body`, `created_at`) VALUES ('67', '57', '64', 'Debitis eius ex culpa aliquam asperiores culpa alias. Corporis est quae cumque et. Veniam sit fugiat id aut amet est. Dignissimos quasi eaque quisquam exercitationem impedit id qui.', '1982-03-11 03:07:26');
INSERT INTO `messages` (`id`, `from_user_id`, `to_user_id`, `body`, `created_at`) VALUES ('68', '10', '97', 'In quis pariatur libero corporis praesentium. Velit ad consectetur in ipsa sed sint sunt ut. Sunt ut asperiores ut.', '1980-02-09 19:21:01');
INSERT INTO `messages` (`id`, `from_user_id`, `to_user_id`, `body`, `created_at`) VALUES ('69', '61', '39', 'Delectus quos enim consequatur hic. Voluptate saepe debitis pariatur.', '1994-07-30 02:20:03');
INSERT INTO `messages` (`id`, `from_user_id`, `to_user_id`, `body`, `created_at`) VALUES ('70', '60', '94', 'Hic facilis aut libero odit nobis vel. Consequuntur illo omnis sed eos. Ut doloremque autem sunt harum totam beatae.', '2006-01-03 01:39:09');
INSERT INTO `messages` (`id`, `from_user_id`, `to_user_id`, `body`, `created_at`) VALUES ('71', '23', '90', 'Vel voluptatibus rerum magnam optio cumque. Dicta aut ipsam reiciendis ad aperiam. Tenetur et aliquid et error ab dolorum. Eaque optio fugiat non tenetur.', '1998-09-05 11:11:23');
INSERT INTO `messages` (`id`, `from_user_id`, `to_user_id`, `body`, `created_at`) VALUES ('72', '10', '86', 'Omnis sed est nisi fugiat. Ullam eum voluptas laborum non. Enim eos dicta at enim ut dolorum. Doloribus illo expedita voluptatem ab.', '2018-04-30 09:31:00');
INSERT INTO `messages` (`id`, `from_user_id`, `to_user_id`, `body`, `created_at`) VALUES ('73', '42', '29', 'Corporis numquam unde voluptatem vel. Esse eligendi facere voluptas perspiciatis voluptatem. Ipsa et repellendus nobis sunt est harum consequatur. Eum velit facere iure occaecati temporibus quod ducimus.', '2004-05-31 17:36:03');
INSERT INTO `messages` (`id`, `from_user_id`, `to_user_id`, `body`, `created_at`) VALUES ('74', '18', '70', 'Laudantium est sapiente rerum pariatur. Tempore suscipit optio esse magnam. Repellendus expedita dolores excepturi. Occaecati delectus velit blanditiis pariatur porro et. Provident consequatur mollitia explicabo sit voluptates enim.', '1975-03-08 03:28:23');
INSERT INTO `messages` (`id`, `from_user_id`, `to_user_id`, `body`, `created_at`) VALUES ('75', '58', '14', 'Omnis qui cum dolorem itaque consequatur. Ipsum ipsa harum dolor quia. Dicta minus illum aut omnis cumque consequatur quisquam. Quidem provident cupiditate ipsum dolor.', '2012-01-04 02:23:34');
INSERT INTO `messages` (`id`, `from_user_id`, `to_user_id`, `body`, `created_at`) VALUES ('76', '10', '94', 'Sed in eum aut ipsum qui et harum. Et velit architecto labore quo. Velit dolores numquam optio sed odit sunt sit. Illo dolore fugit sint sint voluptatem soluta. Quia maxime voluptatibus quo est praesentium nostrum est eos.', '1979-03-11 15:01:35');
INSERT INTO `messages` (`id`, `from_user_id`, `to_user_id`, `body`, `created_at`) VALUES ('77', '45', '91', 'Et quod ea a vel. Eum cum neque nostrum iusto voluptates. Nobis culpa distinctio delectus laudantium et enim.', '1976-04-05 12:03:14');
INSERT INTO `messages` (`id`, `from_user_id`, `to_user_id`, `body`, `created_at`) VALUES ('78', '51', '23', 'Aliquam repellat ducimus impedit nisi facere ut consectetur. Voluptatem non placeat minima quia non perferendis a. Assumenda eius dolores porro dolores sit ipsum. Natus laboriosam rerum nihil et impedit.', '1980-01-06 04:36:34');
INSERT INTO `messages` (`id`, `from_user_id`, `to_user_id`, `body`, `created_at`) VALUES ('79', '90', '38', 'Vitae dolores dignissimos consequatur dolorum. Voluptatem vel impedit consectetur vel reiciendis. Id ut aut aliquid.', '2004-04-16 00:13:53');
INSERT INTO `messages` (`id`, `from_user_id`, `to_user_id`, `body`, `created_at`) VALUES ('80', '26', '77', 'Numquam optio sed dolores enim eum sint. Voluptatem soluta sit magni perspiciatis magnam deserunt ab. Tempore id nostrum soluta iste et.', '1976-08-30 18:47:34');
INSERT INTO `messages` (`id`, `from_user_id`, `to_user_id`, `body`, `created_at`) VALUES ('81', '80', '31', 'Ratione officiis accusamus eius quos porro enim. Eaque atque quos quibusdam numquam soluta. Inventore est sit dicta occaecati doloremque. Voluptates accusantium et similique labore provident vero similique cupiditate.', '2008-10-03 17:16:14');
INSERT INTO `messages` (`id`, `from_user_id`, `to_user_id`, `body`, `created_at`) VALUES ('82', '78', '36', 'Velit ea et et in tenetur non reiciendis. Commodi totam velit architecto recusandae veniam. Veritatis quia nostrum blanditiis eum molestiae id totam. Laboriosam error ut ut similique vel doloribus.', '2009-03-21 19:26:55');
INSERT INTO `messages` (`id`, `from_user_id`, `to_user_id`, `body`, `created_at`) VALUES ('83', '94', '87', 'Maxime iusto nihil error dolorum molestias incidunt architecto. Deleniti animi sunt veritatis eligendi. Unde sapiente autem debitis aut ut necessitatibus molestias deleniti. Maiores veritatis ratione ex et vel possimus minus suscipit. Nisi deleniti culpa repellat similique.', '1996-04-19 06:21:49');
INSERT INTO `messages` (`id`, `from_user_id`, `to_user_id`, `body`, `created_at`) VALUES ('84', '32', '55', 'Corporis enim corrupti est porro vitae dolor magnam et. Repellat optio facilis id rerum et asperiores repudiandae. Repellat aliquid ad minus beatae qui. Corporis non animi assumenda possimus libero explicabo pariatur ratione.', '2017-11-19 09:15:00');
INSERT INTO `messages` (`id`, `from_user_id`, `to_user_id`, `body`, `created_at`) VALUES ('85', '26', '92', 'Officiis nesciunt harum sunt laborum temporibus debitis quia. Est ut consequuntur mollitia est in. Eius consequatur et sunt dolores. Adipisci qui est mollitia quia repellat numquam.', '2016-12-16 23:24:05');
INSERT INTO `messages` (`id`, `from_user_id`, `to_user_id`, `body`, `created_at`) VALUES ('86', '48', '48', 'Odit aliquam vero voluptas. Ipsam totam explicabo accusamus iste. Quae qui placeat voluptatum quidem odio earum sunt. Asperiores dolor aperiam qui eaque quia a ad. Adipisci saepe molestiae libero est incidunt et.', '2019-08-24 03:33:41');
INSERT INTO `messages` (`id`, `from_user_id`, `to_user_id`, `body`, `created_at`) VALUES ('87', '81', '58', 'Nesciunt velit voluptatem magni aut ab. Et velit assumenda tempora quia molestiae expedita exercitationem. Eligendi dolorum rerum sed veniam nihil quos voluptas officiis.', '1982-05-09 11:39:40');
INSERT INTO `messages` (`id`, `from_user_id`, `to_user_id`, `body`, `created_at`) VALUES ('88', '34', '23', 'Illo sunt eum quas et sapiente sed nemo. Dicta qui amet id alias.', '2016-09-24 19:28:56');
INSERT INTO `messages` (`id`, `from_user_id`, `to_user_id`, `body`, `created_at`) VALUES ('89', '87', '52', 'Eligendi suscipit cupiditate at voluptatem possimus natus occaecati. Tempore quis repellendus omnis nihil. Exercitationem quas facilis pariatur ut fugiat aut. Veniam vitae ut necessitatibus totam.', '2010-06-03 08:40:10');
INSERT INTO `messages` (`id`, `from_user_id`, `to_user_id`, `body`, `created_at`) VALUES ('90', '92', '45', 'Magnam itaque laboriosam repudiandae aut nihil. Eos iure inventore itaque repudiandae at. Est est ut et sapiente soluta hic.', '1985-08-02 23:33:01');
INSERT INTO `messages` (`id`, `from_user_id`, `to_user_id`, `body`, `created_at`) VALUES ('91', '66', '1', 'A sint deleniti unde qui aut sunt facilis maiores. Officiis repellendus ipsam ad at. Rerum repudiandae sint ut dicta. Nam architecto dolorem sed eligendi autem perspiciatis.', '1980-03-11 18:27:07');
INSERT INTO `messages` (`id`, `from_user_id`, `to_user_id`, `body`, `created_at`) VALUES ('92', '38', '10', 'Sit consequatur et rerum. Rem in et quod non. Aut et omnis et pariatur doloremque commodi. Provident consequatur ut fugiat facilis inventore.', '2017-04-14 21:02:02');
INSERT INTO `messages` (`id`, `from_user_id`, `to_user_id`, `body`, `created_at`) VALUES ('93', '92', '89', 'Officia iure nihil cupiditate blanditiis laudantium. Facere quisquam nihil exercitationem voluptatibus reprehenderit incidunt iusto. Rerum non sint culpa iusto voluptatem vero eaque. Quia rerum id perferendis ea facilis.', '1982-02-14 10:09:48');
INSERT INTO `messages` (`id`, `from_user_id`, `to_user_id`, `body`, `created_at`) VALUES ('94', '33', '81', 'Eaque voluptatem labore sed consequatur in. Libero vero ut quaerat quibusdam impedit quia. Aspernatur incidunt magnam harum necessitatibus dolores. Rem quam ducimus architecto dicta.', '1993-10-20 13:34:23');
INSERT INTO `messages` (`id`, `from_user_id`, `to_user_id`, `body`, `created_at`) VALUES ('95', '26', '58', 'Autem ad dolorem quam qui explicabo et est. Recusandae dolores est omnis beatae est nihil et iusto. Delectus non impedit ut quasi mollitia quas eum.', '2014-09-20 20:45:43');
INSERT INTO `messages` (`id`, `from_user_id`, `to_user_id`, `body`, `created_at`) VALUES ('96', '58', '6', 'Nostrum voluptatem sunt est architecto asperiores quo possimus. Voluptatem odit labore repellendus nesciunt hic et quis consectetur. Quaerat eos reiciendis molestias voluptatum sunt sint. Quaerat sunt dolores excepturi amet occaecati velit et.', '1996-08-20 19:16:31');
INSERT INTO `messages` (`id`, `from_user_id`, `to_user_id`, `body`, `created_at`) VALUES ('97', '88', '35', 'Voluptas eveniet quis vitae et molestiae rerum explicabo. Unde illum quia et veniam consequatur. Cumque sint natus quo cupiditate.', '1990-12-15 02:25:19');
INSERT INTO `messages` (`id`, `from_user_id`, `to_user_id`, `body`, `created_at`) VALUES ('98', '41', '82', 'Qui deleniti ducimus ullam aliquid quo voluptate quidem. Placeat quia eius qui voluptatem repudiandae soluta qui harum. Rerum magni asperiores nihil natus molestiae suscipit. Saepe sapiente sint dolores tempora quas.', '1999-10-26 19:32:58');
INSERT INTO `messages` (`id`, `from_user_id`, `to_user_id`, `body`, `created_at`) VALUES ('99', '22', '73', 'Quae quia et cum soluta possimus. Sunt sint laudantium ratione aut. Et molestiae est omnis vitae in dolorem et.', '1999-07-10 09:44:44');
INSERT INTO `messages` (`id`, `from_user_id`, `to_user_id`, `body`, `created_at`) VALUES ('100', '36', '47', 'Et illo aliquam quia est. Dolorem ipsam quisquam et est aut nobis natus. Non dolorem officia assumenda velit laudantium.', '2003-01-09 20:53:30');

#
# TABLE STRUCTURE FOR: friend_requests
#

DROP TABLE IF EXISTS `friend_requests`;

CREATE TABLE `friend_requests` (
  `initiator_user_id` bigint(20) unsigned NOT NULL,
  `target_user_id` bigint(20) unsigned NOT NULL,
  `status` enum('requested','approved','unfriended','declined') COLLATE utf8_unicode_ci DEFAULT NULL,
  `requested_at` datetime DEFAULT current_timestamp(),
  `confirmed_at` datetime DEFAULT NULL,
  PRIMARY KEY (`initiator_user_id`,`target_user_id`),
  KEY `initiator_user_id` (`initiator_user_id`),
  KEY `target_user_id` (`target_user_id`),
  CONSTRAINT `friend_requests_ibfk_1` FOREIGN KEY (`initiator_user_id`) REFERENCES `users` (`id`),
  CONSTRAINT `friend_requests_ibfk_2` FOREIGN KEY (`target_user_id`) REFERENCES `users` (`id`)
) ENGINE=InnoDB DEFAULT CHARSET=utf8 COLLATE=utf8_unicode_ci;

INSERT INTO `friend_requests` (`initiator_user_id`, `target_user_id`, `status`, `requested_at`, `confirmed_at`) VALUES ('1', '64', 'approved', '2019-02-24 17:46:37', '2009-11-26 20:57:51');
INSERT INTO `friend_requests` (`initiator_user_id`, `target_user_id`, `status`, `requested_at`, `confirmed_at`) VALUES ('1', '90', 'approved', '2004-10-02 10:18:02', '1983-06-06 13:55:28');
INSERT INTO `friend_requests` (`initiator_user_id`, `target_user_id`, `status`, `requested_at`, `confirmed_at`) VALUES ('2', '2', 'unfriended', '1982-03-26 13:39:43', '1989-01-17 03:50:54');
INSERT INTO `friend_requests` (`initiator_user_id`, `target_user_id`, `status`, `requested_at`, `confirmed_at`) VALUES ('2', '66', 'approved', '2016-06-17 01:47:26', '1999-11-18 13:08:28');
INSERT INTO `friend_requests` (`initiator_user_id`, `target_user_id`, `status`, `requested_at`, `confirmed_at`) VALUES ('8', '30', 'approved', '1974-09-26 02:33:12', '1993-02-09 18:19:33');
INSERT INTO `friend_requests` (`initiator_user_id`, `target_user_id`, `status`, `requested_at`, `confirmed_at`) VALUES ('8', '83', 'declined', '1980-02-06 08:56:32', '2000-09-02 10:27:03');
INSERT INTO `friend_requests` (`initiator_user_id`, `target_user_id`, `status`, `requested_at`, `confirmed_at`) VALUES ('8', '96', 'unfriended', '1984-08-16 18:40:53', '2017-04-09 11:25:01');
INSERT INTO `friend_requests` (`initiator_user_id`, `target_user_id`, `status`, `requested_at`, `confirmed_at`) VALUES ('10', '98', 'requested', '1985-03-21 15:58:03', '1975-11-22 13:18:07');
INSERT INTO `friend_requests` (`initiator_user_id`, `target_user_id`, `status`, `requested_at`, `confirmed_at`) VALUES ('11', '12', 'approved', '1977-08-12 16:29:47', '1998-10-03 13:18:09');
INSERT INTO `friend_requests` (`initiator_user_id`, `target_user_id`, `status`, `requested_at`, `confirmed_at`) VALUES ('11', '68', 'requested', '1975-03-04 09:06:45', '1992-06-20 01:29:36');
INSERT INTO `friend_requests` (`initiator_user_id`, `target_user_id`, `status`, `requested_at`, `confirmed_at`) VALUES ('13', '46', 'unfriended', '1983-02-25 11:53:51', '1989-03-11 18:03:16');
INSERT INTO `friend_requests` (`initiator_user_id`, `target_user_id`, `status`, `requested_at`, `confirmed_at`) VALUES ('13', '58', 'unfriended', '2001-04-22 12:16:36', '1980-12-31 06:58:42');
INSERT INTO `friend_requests` (`initiator_user_id`, `target_user_id`, `status`, `requested_at`, `confirmed_at`) VALUES ('14', '97', 'declined', '2003-06-25 09:27:37', '2006-03-21 18:59:13');
INSERT INTO `friend_requests` (`initiator_user_id`, `target_user_id`, `status`, `requested_at`, `confirmed_at`) VALUES ('16', '20', 'unfriended', '2006-09-23 12:02:45', '1994-07-13 05:31:19');
INSERT INTO `friend_requests` (`initiator_user_id`, `target_user_id`, `status`, `requested_at`, `confirmed_at`) VALUES ('17', '50', 'unfriended', '2018-04-03 22:05:28', '1990-11-20 22:48:03');
INSERT INTO `friend_requests` (`initiator_user_id`, `target_user_id`, `status`, `requested_at`, `confirmed_at`) VALUES ('17', '94', 'unfriended', '1985-04-04 18:10:50', '1986-04-27 07:32:33');
INSERT INTO `friend_requests` (`initiator_user_id`, `target_user_id`, `status`, `requested_at`, `confirmed_at`) VALUES ('23', '8', 'declined', '2003-03-10 04:43:50', '2011-03-08 09:19:38');
INSERT INTO `friend_requests` (`initiator_user_id`, `target_user_id`, `status`, `requested_at`, `confirmed_at`) VALUES ('23', '44', 'unfriended', '1990-05-04 09:01:53', '1986-01-31 08:04:31');
INSERT INTO `friend_requests` (`initiator_user_id`, `target_user_id`, `status`, `requested_at`, `confirmed_at`) VALUES ('23', '59', 'approved', '2018-10-09 03:37:41', '1979-02-27 10:07:22');
INSERT INTO `friend_requests` (`initiator_user_id`, `target_user_id`, `status`, `requested_at`, `confirmed_at`) VALUES ('23', '76', 'unfriended', '1999-08-20 02:53:28', '2019-08-14 01:48:05');
INSERT INTO `friend_requests` (`initiator_user_id`, `target_user_id`, `status`, `requested_at`, `confirmed_at`) VALUES ('23', '90', 'declined', '1988-05-15 14:04:29', '1998-12-18 04:52:27');
INSERT INTO `friend_requests` (`initiator_user_id`, `target_user_id`, `status`, `requested_at`, `confirmed_at`) VALUES ('23', '91', 'approved', '1997-05-04 03:47:09', '1972-07-08 12:48:30');
INSERT INTO `friend_requests` (`initiator_user_id`, `target_user_id`, `status`, `requested_at`, `confirmed_at`) VALUES ('24', '11', 'declined', '2001-02-10 18:14:00', '2005-11-16 13:18:57');
INSERT INTO `friend_requests` (`initiator_user_id`, `target_user_id`, `status`, `requested_at`, `confirmed_at`) VALUES ('26', '18', 'requested', '1974-05-26 21:39:02', '1984-06-18 13:39:45');
INSERT INTO `friend_requests` (`initiator_user_id`, `target_user_id`, `status`, `requested_at`, `confirmed_at`) VALUES ('27', '32', 'declined', '2006-04-06 15:27:08', '1986-02-13 17:12:38');
INSERT INTO `friend_requests` (`initiator_user_id`, `target_user_id`, `status`, `requested_at`, `confirmed_at`) VALUES ('27', '64', 'approved', '1970-12-18 08:53:25', '1978-03-13 08:23:07');
INSERT INTO `friend_requests` (`initiator_user_id`, `target_user_id`, `status`, `requested_at`, `confirmed_at`) VALUES ('30', '14', 'declined', '2014-12-05 20:32:53', '2001-11-18 22:27:20');
INSERT INTO `friend_requests` (`initiator_user_id`, `target_user_id`, `status`, `requested_at`, `confirmed_at`) VALUES ('30', '56', 'unfriended', '2007-07-29 20:21:41', '1976-03-17 13:24:49');
INSERT INTO `friend_requests` (`initiator_user_id`, `target_user_id`, `status`, `requested_at`, `confirmed_at`) VALUES ('30', '66', 'requested', '1984-12-06 02:13:10', '1983-10-22 11:10:13');
INSERT INTO `friend_requests` (`initiator_user_id`, `target_user_id`, `status`, `requested_at`, `confirmed_at`) VALUES ('31', '89', 'approved', '2005-02-04 19:15:34', '1987-02-15 08:32:40');
INSERT INTO `friend_requests` (`initiator_user_id`, `target_user_id`, `status`, `requested_at`, `confirmed_at`) VALUES ('34', '93', 'unfriended', '1992-02-11 07:05:00', '1977-10-06 03:49:43');
INSERT INTO `friend_requests` (`initiator_user_id`, `target_user_id`, `status`, `requested_at`, `confirmed_at`) VALUES ('34', '97', 'unfriended', '1976-09-18 16:28:18', '1992-01-22 06:25:50');
INSERT INTO `friend_requests` (`initiator_user_id`, `target_user_id`, `status`, `requested_at`, `confirmed_at`) VALUES ('35', '78', 'requested', '1975-02-01 15:23:40', '2017-08-29 13:00:25');
INSERT INTO `friend_requests` (`initiator_user_id`, `target_user_id`, `status`, `requested_at`, `confirmed_at`) VALUES ('36', '69', 'unfriended', '1987-04-28 02:07:03', '2012-06-06 15:54:15');
INSERT INTO `friend_requests` (`initiator_user_id`, `target_user_id`, `status`, `requested_at`, `confirmed_at`) VALUES ('40', '9', 'unfriended', '1999-06-11 14:43:13', '1981-01-10 23:50:12');
INSERT INTO `friend_requests` (`initiator_user_id`, `target_user_id`, `status`, `requested_at`, `confirmed_at`) VALUES ('40', '65', 'approved', '1989-01-16 23:11:06', '1996-03-09 19:52:35');
INSERT INTO `friend_requests` (`initiator_user_id`, `target_user_id`, `status`, `requested_at`, `confirmed_at`) VALUES ('41', '83', 'unfriended', '2002-02-20 17:36:37', '1985-11-22 09:27:56');
INSERT INTO `friend_requests` (`initiator_user_id`, `target_user_id`, `status`, `requested_at`, `confirmed_at`) VALUES ('41', '96', 'declined', '1999-10-01 16:21:54', '1976-05-25 17:15:25');
INSERT INTO `friend_requests` (`initiator_user_id`, `target_user_id`, `status`, `requested_at`, `confirmed_at`) VALUES ('42', '51', 'declined', '1978-06-21 03:07:14', '2001-08-05 06:59:24');
INSERT INTO `friend_requests` (`initiator_user_id`, `target_user_id`, `status`, `requested_at`, `confirmed_at`) VALUES ('43', '55', 'unfriended', '1981-05-04 04:02:16', '2009-06-10 05:53:41');
INSERT INTO `friend_requests` (`initiator_user_id`, `target_user_id`, `status`, `requested_at`, `confirmed_at`) VALUES ('43', '63', 'unfriended', '1995-02-15 05:24:12', '1980-09-11 12:08:07');
INSERT INTO `friend_requests` (`initiator_user_id`, `target_user_id`, `status`, `requested_at`, `confirmed_at`) VALUES ('43', '84', 'approved', '1978-03-21 03:15:19', '2007-05-21 22:46:33');
INSERT INTO `friend_requests` (`initiator_user_id`, `target_user_id`, `status`, `requested_at`, `confirmed_at`) VALUES ('47', '4', 'requested', '1997-12-15 09:33:31', '2011-03-18 12:33:23');
INSERT INTO `friend_requests` (`initiator_user_id`, `target_user_id`, `status`, `requested_at`, `confirmed_at`) VALUES ('47', '12', 'declined', '2010-02-27 12:02:27', '2001-04-10 23:25:06');
INSERT INTO `friend_requests` (`initiator_user_id`, `target_user_id`, `status`, `requested_at`, `confirmed_at`) VALUES ('47', '69', 'requested', '1976-03-03 16:17:44', '2010-01-02 07:01:37');
INSERT INTO `friend_requests` (`initiator_user_id`, `target_user_id`, `status`, `requested_at`, `confirmed_at`) VALUES ('47', '100', 'unfriended', '1973-11-23 23:34:16', '2005-04-29 04:28:39');
INSERT INTO `friend_requests` (`initiator_user_id`, `target_user_id`, `status`, `requested_at`, `confirmed_at`) VALUES ('49', '11', 'approved', '1976-01-03 10:05:43', '2005-07-02 06:47:17');
INSERT INTO `friend_requests` (`initiator_user_id`, `target_user_id`, `status`, `requested_at`, `confirmed_at`) VALUES ('50', '24', 'unfriended', '1983-05-31 02:16:55', '1988-01-05 01:02:48');
INSERT INTO `friend_requests` (`initiator_user_id`, `target_user_id`, `status`, `requested_at`, `confirmed_at`) VALUES ('51', '6', 'requested', '1976-03-27 13:11:05', '1970-06-06 21:41:01');
INSERT INTO `friend_requests` (`initiator_user_id`, `target_user_id`, `status`, `requested_at`, `confirmed_at`) VALUES ('51', '27', 'declined', '1979-10-30 00:19:46', '1999-11-20 10:21:28');
INSERT INTO `friend_requests` (`initiator_user_id`, `target_user_id`, `status`, `requested_at`, `confirmed_at`) VALUES ('51', '98', 'requested', '2006-09-09 01:56:48', '2008-08-27 13:07:54');
INSERT INTO `friend_requests` (`initiator_user_id`, `target_user_id`, `status`, `requested_at`, `confirmed_at`) VALUES ('54', '50', 'requested', '1996-05-13 02:08:29', '1984-08-29 14:05:05');
INSERT INTO `friend_requests` (`initiator_user_id`, `target_user_id`, `status`, `requested_at`, `confirmed_at`) VALUES ('55', '47', 'requested', '2017-02-21 20:15:53', '1995-06-25 16:33:40');
INSERT INTO `friend_requests` (`initiator_user_id`, `target_user_id`, `status`, `requested_at`, `confirmed_at`) VALUES ('56', '87', 'declined', '1971-07-01 10:52:37', '2014-05-24 22:51:10');
INSERT INTO `friend_requests` (`initiator_user_id`, `target_user_id`, `status`, `requested_at`, `confirmed_at`) VALUES ('58', '83', 'requested', '2007-01-31 23:42:53', '2001-06-20 01:32:36');
INSERT INTO `friend_requests` (`initiator_user_id`, `target_user_id`, `status`, `requested_at`, `confirmed_at`) VALUES ('59', '12', 'unfriended', '1985-03-07 12:27:29', '1999-06-12 12:15:41');
INSERT INTO `friend_requests` (`initiator_user_id`, `target_user_id`, `status`, `requested_at`, `confirmed_at`) VALUES ('59', '74', 'requested', '2009-12-09 02:49:41', '2016-05-05 13:06:45');
INSERT INTO `friend_requests` (`initiator_user_id`, `target_user_id`, `status`, `requested_at`, `confirmed_at`) VALUES ('60', '45', 'unfriended', '2010-03-24 22:19:19', '1985-11-24 07:11:37');
INSERT INTO `friend_requests` (`initiator_user_id`, `target_user_id`, `status`, `requested_at`, `confirmed_at`) VALUES ('61', '1', 'unfriended', '2014-09-15 01:42:43', '2018-03-26 05:04:53');
INSERT INTO `friend_requests` (`initiator_user_id`, `target_user_id`, `status`, `requested_at`, `confirmed_at`) VALUES ('62', '73', 'requested', '1990-08-14 20:46:07', '2005-06-03 15:10:05');
INSERT INTO `friend_requests` (`initiator_user_id`, `target_user_id`, `status`, `requested_at`, `confirmed_at`) VALUES ('65', '26', 'declined', '2000-02-20 06:12:51', '2001-04-13 13:17:59');
INSERT INTO `friend_requests` (`initiator_user_id`, `target_user_id`, `status`, `requested_at`, `confirmed_at`) VALUES ('65', '100', 'unfriended', '1999-11-24 18:54:11', '1996-06-03 12:40:50');
INSERT INTO `friend_requests` (`initiator_user_id`, `target_user_id`, `status`, `requested_at`, `confirmed_at`) VALUES ('66', '2', 'unfriended', '1983-09-27 05:36:36', '2005-08-18 16:43:52');
INSERT INTO `friend_requests` (`initiator_user_id`, `target_user_id`, `status`, `requested_at`, `confirmed_at`) VALUES ('66', '12', 'unfriended', '2001-11-28 10:01:54', '2003-10-09 14:33:37');
INSERT INTO `friend_requests` (`initiator_user_id`, `target_user_id`, `status`, `requested_at`, `confirmed_at`) VALUES ('66', '16', 'approved', '2013-06-13 17:49:19', '1983-06-18 22:38:28');
INSERT INTO `friend_requests` (`initiator_user_id`, `target_user_id`, `status`, `requested_at`, `confirmed_at`) VALUES ('67', '29', 'declined', '2015-06-09 08:02:03', '1990-09-08 06:41:39');
INSERT INTO `friend_requests` (`initiator_user_id`, `target_user_id`, `status`, `requested_at`, `confirmed_at`) VALUES ('67', '39', 'unfriended', '1972-05-27 04:28:58', '1974-12-04 15:52:03');
INSERT INTO `friend_requests` (`initiator_user_id`, `target_user_id`, `status`, `requested_at`, `confirmed_at`) VALUES ('69', '15', 'approved', '2016-09-01 17:15:36', '1974-06-07 22:49:44');
INSERT INTO `friend_requests` (`initiator_user_id`, `target_user_id`, `status`, `requested_at`, `confirmed_at`) VALUES ('70', '21', 'approved', '1983-08-26 04:39:28', '2007-06-06 01:24:06');
INSERT INTO `friend_requests` (`initiator_user_id`, `target_user_id`, `status`, `requested_at`, `confirmed_at`) VALUES ('75', '8', 'requested', '1982-11-10 16:56:39', '1988-04-22 07:37:43');
INSERT INTO `friend_requests` (`initiator_user_id`, `target_user_id`, `status`, `requested_at`, `confirmed_at`) VALUES ('75', '41', 'requested', '1993-02-28 12:13:04', '1971-04-09 17:58:47');
INSERT INTO `friend_requests` (`initiator_user_id`, `target_user_id`, `status`, `requested_at`, `confirmed_at`) VALUES ('76', '85', 'declined', '2019-07-15 05:32:30', '1992-12-10 08:46:20');
INSERT INTO `friend_requests` (`initiator_user_id`, `target_user_id`, `status`, `requested_at`, `confirmed_at`) VALUES ('76', '96', 'declined', '1972-10-27 15:24:12', '1993-11-09 06:25:09');
INSERT INTO `friend_requests` (`initiator_user_id`, `target_user_id`, `status`, `requested_at`, `confirmed_at`) VALUES ('77', '24', 'requested', '2015-02-06 18:56:18', '2020-02-08 19:20:31');
INSERT INTO `friend_requests` (`initiator_user_id`, `target_user_id`, `status`, `requested_at`, `confirmed_at`) VALUES ('80', '89', 'requested', '1979-04-19 14:21:23', '1986-07-07 06:29:42');
INSERT INTO `friend_requests` (`initiator_user_id`, `target_user_id`, `status`, `requested_at`, `confirmed_at`) VALUES ('81', '3', 'unfriended', '1981-08-04 06:02:14', '2016-09-12 04:49:02');
INSERT INTO `friend_requests` (`initiator_user_id`, `target_user_id`, `status`, `requested_at`, `confirmed_at`) VALUES ('81', '89', 'approved', '2015-10-22 21:59:17', '2000-03-23 23:23:54');
INSERT INTO `friend_requests` (`initiator_user_id`, `target_user_id`, `status`, `requested_at`, `confirmed_at`) VALUES ('82', '40', 'requested', '2012-01-10 16:23:38', '1994-08-12 12:34:11');
INSERT INTO `friend_requests` (`initiator_user_id`, `target_user_id`, `status`, `requested_at`, `confirmed_at`) VALUES ('82', '85', 'approved', '2010-12-06 00:29:13', '1986-04-11 19:28:31');
INSERT INTO `friend_requests` (`initiator_user_id`, `target_user_id`, `status`, `requested_at`, `confirmed_at`) VALUES ('83', '93', 'declined', '2004-03-18 21:01:02', '1976-12-26 00:03:15');
INSERT INTO `friend_requests` (`initiator_user_id`, `target_user_id`, `status`, `requested_at`, `confirmed_at`) VALUES ('84', '94', 'approved', '2018-04-14 17:49:43', '2015-08-19 14:11:44');
INSERT INTO `friend_requests` (`initiator_user_id`, `target_user_id`, `status`, `requested_at`, `confirmed_at`) VALUES ('86', '63', 'approved', '2012-07-11 07:10:16', '2002-08-12 04:43:55');
INSERT INTO `friend_requests` (`initiator_user_id`, `target_user_id`, `status`, `requested_at`, `confirmed_at`) VALUES ('89', '6', 'declined', '1997-04-28 05:05:44', '1976-09-30 05:00:11');
INSERT INTO `friend_requests` (`initiator_user_id`, `target_user_id`, `status`, `requested_at`, `confirmed_at`) VALUES ('89', '64', 'unfriended', '2018-05-12 12:49:57', '1992-08-07 14:36:34');
INSERT INTO `friend_requests` (`initiator_user_id`, `target_user_id`, `status`, `requested_at`, `confirmed_at`) VALUES ('93', '49', 'approved', '1976-10-19 21:23:05', '2008-01-02 20:06:02');
INSERT INTO `friend_requests` (`initiator_user_id`, `target_user_id`, `status`, `requested_at`, `confirmed_at`) VALUES ('93', '65', 'requested', '1983-02-10 20:10:30', '2016-02-29 07:45:44');
INSERT INTO `friend_requests` (`initiator_user_id`, `target_user_id`, `status`, `requested_at`, `confirmed_at`) VALUES ('94', '11', 'requested', '2017-08-16 17:56:53', '2005-01-10 14:25:26');
INSERT INTO `friend_requests` (`initiator_user_id`, `target_user_id`, `status`, `requested_at`, `confirmed_at`) VALUES ('94', '14', 'requested', '2010-03-27 20:10:48', '2002-01-21 22:52:23');
INSERT INTO `friend_requests` (`initiator_user_id`, `target_user_id`, `status`, `requested_at`, `confirmed_at`) VALUES ('95', '8', 'requested', '1972-03-09 02:06:43', '2018-06-29 02:32:34');
INSERT INTO `friend_requests` (`initiator_user_id`, `target_user_id`, `status`, `requested_at`, `confirmed_at`) VALUES ('95', '23', 'unfriended', '1991-05-17 16:55:17', '1984-01-08 17:08:26');
INSERT INTO `friend_requests` (`initiator_user_id`, `target_user_id`, `status`, `requested_at`, `confirmed_at`) VALUES ('96', '6', 'declined', '1980-04-25 20:41:28', '2015-07-28 20:12:19');
INSERT INTO `friend_requests` (`initiator_user_id`, `target_user_id`, `status`, `requested_at`, `confirmed_at`) VALUES ('96', '42', 'unfriended', '1975-03-24 07:07:37', '1976-06-03 02:21:31');
INSERT INTO `friend_requests` (`initiator_user_id`, `target_user_id`, `status`, `requested_at`, `confirmed_at`) VALUES ('96', '77', 'declined', '2007-12-10 19:26:34', '2004-03-06 04:12:21');
INSERT INTO `friend_requests` (`initiator_user_id`, `target_user_id`, `status`, `requested_at`, `confirmed_at`) VALUES ('96', '95', 'declined', '1985-05-14 14:48:09', '2019-10-27 09:46:51');
INSERT INTO `friend_requests` (`initiator_user_id`, `target_user_id`, `status`, `requested_at`, `confirmed_at`) VALUES ('98', '3', 'requested', '2001-10-14 01:28:28', '1975-03-27 22:45:08');
INSERT INTO `friend_requests` (`initiator_user_id`, `target_user_id`, `status`, `requested_at`, `confirmed_at`) VALUES ('98', '14', 'approved', '2009-02-03 12:52:33', '1992-09-12 09:02:17');
INSERT INTO `friend_requests` (`initiator_user_id`, `target_user_id`, `status`, `requested_at`, `confirmed_at`) VALUES ('99', '2', 'requested', '1996-07-09 10:58:20', '1987-11-16 22:17:13');
INSERT INTO `friend_requests` (`initiator_user_id`, `target_user_id`, `status`, `requested_at`, `confirmed_at`) VALUES ('99', '55', 'declined', '1984-05-25 09:34:49', '1979-04-15 21:46:15');
INSERT INTO `friend_requests` (`initiator_user_id`, `target_user_id`, `status`, `requested_at`, `confirmed_at`) VALUES ('100', '17', 'requested', '1993-11-13 15:40:04', '2010-08-09 11:50:39');
INSERT INTO `friend_requests` (`initiator_user_id`, `target_user_id`, `status`, `requested_at`, `confirmed_at`) VALUES ('100', '90', 'approved', '1993-03-18 05:16:24', '1986-01-12 14:49:26');

#
# TABLE STRUCTURE FOR: media_types
#

DROP TABLE IF EXISTS `media_types`;

CREATE TABLE `media_types` (
  `id` bigint(20) unsigned NOT NULL AUTO_INCREMENT,
  `name` varchar(255) COLLATE utf8_unicode_ci DEFAULT NULL,
  `created_at` datetime DEFAULT current_timestamp(),
  `updated_at` datetime DEFAULT current_timestamp() ON UPDATE current_timestamp(),
  PRIMARY KEY (`id`)
) ENGINE=InnoDB AUTO_INCREMENT=101 DEFAULT CHARSET=utf8 COLLATE=utf8_unicode_ci;

INSERT INTO `media_types` (`id`, `name`, `created_at`, `updated_at`) VALUES ('1', 'illum', '2007-08-29 16:46:18', '1975-05-26 10:59:49');
INSERT INTO `media_types` (`id`, `name`, `created_at`, `updated_at`) VALUES ('2', 'non', '1992-08-10 02:19:53', '2002-02-04 21:31:22');
INSERT INTO `media_types` (`id`, `name`, `created_at`, `updated_at`) VALUES ('3', 'eligendi', '2000-06-19 23:56:18', '1970-05-05 00:33:11');
INSERT INTO `media_types` (`id`, `name`, `created_at`, `updated_at`) VALUES ('4', 'qui', '1977-03-07 15:58:25', '1999-04-03 17:39:47');
INSERT INTO `media_types` (`id`, `name`, `created_at`, `updated_at`) VALUES ('5', 'fugit', '2006-02-16 19:42:07', '2005-10-09 23:42:42');
INSERT INTO `media_types` (`id`, `name`, `created_at`, `updated_at`) VALUES ('6', 'exercitationem', '2008-10-08 00:41:05', '1976-12-05 12:58:56');
INSERT INTO `media_types` (`id`, `name`, `created_at`, `updated_at`) VALUES ('7', 'doloremque', '1989-11-02 21:06:01', '2010-05-01 06:42:53');
INSERT INTO `media_types` (`id`, `name`, `created_at`, `updated_at`) VALUES ('8', 'vel', '2010-04-19 07:01:43', '2017-02-01 16:36:17');
INSERT INTO `media_types` (`id`, `name`, `created_at`, `updated_at`) VALUES ('9', 'inventore', '2002-05-13 08:45:29', '2019-04-07 22:23:28');
INSERT INTO `media_types` (`id`, `name`, `created_at`, `updated_at`) VALUES ('10', 'vel', '2016-06-02 03:47:06', '1988-12-10 22:09:33');
INSERT INTO `media_types` (`id`, `name`, `created_at`, `updated_at`) VALUES ('11', 'et', '1985-11-08 10:56:46', '1991-08-07 19:48:43');
INSERT INTO `media_types` (`id`, `name`, `created_at`, `updated_at`) VALUES ('12', 'voluptas', '1988-08-26 12:28:43', '1973-04-13 03:47:55');
INSERT INTO `media_types` (`id`, `name`, `created_at`, `updated_at`) VALUES ('13', 'reiciendis', '2011-12-20 18:09:00', '2011-04-18 13:22:39');
INSERT INTO `media_types` (`id`, `name`, `created_at`, `updated_at`) VALUES ('14', 'fuga', '1970-08-22 06:14:11', '1996-09-09 19:34:31');
INSERT INTO `media_types` (`id`, `name`, `created_at`, `updated_at`) VALUES ('15', 'mollitia', '1998-03-16 15:50:37', '1992-10-02 10:50:30');

#
# TABLE STRUCTURE FOR: media
#

DROP TABLE IF EXISTS `media`;

CREATE TABLE `media` (
  `id` bigint(20) unsigned NOT NULL AUTO_INCREMENT,
  `media_type_id` bigint(20) unsigned NOT NULL,
  `user_id` bigint(20) unsigned NOT NULL,
  `body` text COLLATE utf8_unicode_ci DEFAULT NULL,
  `filename` varchar(255) COLLATE utf8_unicode_ci DEFAULT NULL,
  `size` int(11) DEFAULT NULL,
  `metadata` longtext CHARACTER SET utf8mb4 COLLATE utf8mb4_bin DEFAULT NULL CHECK (json_valid(`metadata`)),
  `created_at` datetime DEFAULT current_timestamp(),
  `updated_at` datetime DEFAULT current_timestamp() ON UPDATE current_timestamp(),
  PRIMARY KEY (`id`),
  KEY `user_id` (`user_id`),
  KEY `media_type_id` (`media_type_id`),
  CONSTRAINT `media_ibfk_1` FOREIGN KEY (`user_id`) REFERENCES `users` (`id`),
  CONSTRAINT `media_ibfk_2` FOREIGN KEY (`media_type_id`) REFERENCES `media_types` (`id`)
) ENGINE=InnoDB AUTO_INCREMENT=101 DEFAULT CHARSET=utf8 COLLATE=utf8_unicode_ci;

INSERT INTO `media` (`id`, `media_type_id`, `user_id`, `body`, `filename`, `size`, `metadata`, `created_at`, `updated_at`) VALUES ('1', '1', '1', 'Aliquam distinctio consequatur at eum natus. Id possimus ut voluptatem illum vitae deserunt rem. Voluptatibus minima ipsum repudiandae voluptate voluptatum aut libero sint. Nihil cum perferendis sapiente laudantium fugit.', 'asperiores', 0, NULL, '1988-02-24 10:40:40', '1972-08-27 11:51:45');
INSERT INTO `media` (`id`, `media_type_id`, `user_id`, `body`, `filename`, `size`, `metadata`, `created_at`, `updated_at`) VALUES ('2', '2', '2', 'Et dicta qui similique sapiente sint. Molestiae vitae eum placeat officiis. Pariatur ducimus beatae nostrum mollitia repellendus cum. Qui ea qui nihil aut a.', 'cumque', 12888156, NULL, '2007-02-03 05:33:35', '1990-01-18 08:47:07');
INSERT INTO `media` (`id`, `media_type_id`, `user_id`, `body`, `filename`, `size`, `metadata`, `created_at`, `updated_at`) VALUES ('3', '3', '3', 'Nulla ducimus architecto et officia quam. Est aliquid ut ab omnis voluptatibus.', 'optio', 744513, NULL, '2020-03-29 17:10:55', '1974-06-13 16:46:08');
INSERT INTO `media` (`id`, `media_type_id`, `user_id`, `body`, `filename`, `size`, `metadata`, `created_at`, `updated_at`) VALUES ('4', '4', '4', 'Repellat qui accusamus temporibus voluptatibus. Expedita natus ut laboriosam debitis eveniet eaque. Officiis aut nam magni tempore et facilis pariatur.', 'sapiente', 375393413, NULL, '2003-09-18 22:56:55', '1990-03-13 20:29:04');
INSERT INTO `media` (`id`, `media_type_id`, `user_id`, `body`, `filename`, `size`, `metadata`, `created_at`, `updated_at`) VALUES ('5', '5', '5', 'Necessitatibus rem possimus nulla in voluptate necessitatibus eligendi. Sed cumque nesciunt officia consequatur saepe omnis facere. Aspernatur a quae sint cumque numquam enim.', 'quia', 3, NULL, '1970-07-11 01:06:50', '1988-11-10 01:55:58');
INSERT INTO `media` (`id`, `media_type_id`, `user_id`, `body`, `filename`, `size`, `metadata`, `created_at`, `updated_at`) VALUES ('6', '6', '6', 'Ut itaque iste alias alias in officiis dignissimos. Dolorum rerum eligendi quod nisi minus dolores eos. Possimus sint fugit illum et quod.', 'officiis', 2937, NULL, '1995-10-29 10:48:26', '2001-03-23 02:56:43');
INSERT INTO `media` (`id`, `media_type_id`, `user_id`, `body`, `filename`, `size`, `metadata`, `created_at`, `updated_at`) VALUES ('7', '7', '7', 'Soluta iure odit distinctio doloribus. Magnam nostrum hic nihil. Non nesciunt reiciendis dolor illo nostrum tempora aut aut.', 'facilis', 8076125, NULL, '2014-12-28 00:59:09', '1999-10-17 07:28:00');
INSERT INTO `media` (`id`, `media_type_id`, `user_id`, `body`, `filename`, `size`, `metadata`, `created_at`, `updated_at`) VALUES ('8', '8', '8', 'Quos ut maiores voluptatum qui repudiandae. Qui aspernatur exercitationem labore omnis doloribus facere. Dolores architecto labore omnis quas et. Repellendus quas rerum odio non porro eaque.', 'qui', 8, NULL, '1976-06-22 18:14:22', '1989-01-15 14:13:55');
INSERT INTO `media` (`id`, `media_type_id`, `user_id`, `body`, `filename`, `size`, `metadata`, `created_at`, `updated_at`) VALUES ('9', '9', '9', 'Velit quia exercitationem officia aut. Magni temporibus voluptatum nulla dolor. Omnis sed cumque ullam facilis sunt quae.', 'quasi', 198, NULL, '1998-11-05 18:28:12', '2013-09-22 07:13:12');
INSERT INTO `media` (`id`, `media_type_id`, `user_id`, `body`, `filename`, `size`, `metadata`, `created_at`, `updated_at`) VALUES ('10', '10', '10', 'Alias aut qui accusamus. Doloribus eum laboriosam ab animi a quia est optio. Est et magni ducimus eaque. Quam molestias at nostrum quibusdam magnam.', 'nulla', 67, NULL, '1977-11-26 04:21:34', '2001-05-20 14:39:20');
INSERT INTO `media` (`id`, `media_type_id`, `user_id`, `body`, `filename`, `size`, `metadata`, `created_at`, `updated_at`) VALUES ('11', '11', '11', 'Eum dolores non explicabo culpa et nihil. Fugiat ea quia aut quisquam. Ut dolores nulla earum eveniet dolore.', 'quidem', 94868814, NULL, '2017-04-12 16:20:24', '1978-07-19 06:10:53');
INSERT INTO `media` (`id`, `media_type_id`, `user_id`, `body`, `filename`, `size`, `metadata`, `created_at`, `updated_at`) VALUES ('12', '12', '12', 'Quisquam perspiciatis ipsam qui illum ducimus. Animi perferendis nisi non minus harum. Enim soluta quos est officia itaque nostrum aperiam.', 'sint', 5, NULL, '2009-05-25 17:11:01', '1996-09-24 10:58:35');
INSERT INTO `media` (`id`, `media_type_id`, `user_id`, `body`, `filename`, `size`, `metadata`, `created_at`, `updated_at`) VALUES ('13', '13', '13', 'Nemo dolorem dolor sunt aut suscipit voluptas. Ex aut quis quod quas est. Ea blanditiis dolores sunt vero.', 'voluptatem', 8, NULL, '2005-02-15 01:16:15', '2016-06-24 19:02:36');
INSERT INTO `media` (`id`, `media_type_id`, `user_id`, `body`, `filename`, `size`, `metadata`, `created_at`, `updated_at`) VALUES ('14', '14', '14', 'Consequatur accusamus eum accusantium deserunt praesentium omnis itaque et. Soluta voluptatem amet fugiat ut ea.', 'cum', 951114, NULL, '1987-11-22 14:42:41', '1993-08-11 06:49:29');
INSERT INTO `media` (`id`, `media_type_id`, `user_id`, `body`, `filename`, `size`, `metadata`, `created_at`, `updated_at`) VALUES ('15', '15', '15', 'Omnis quos nihil in voluptatem. Consectetur enim quo et. Aut et est ad et incidunt.', 'qui', 317339336, NULL, '2013-02-21 03:25:02', '1994-12-11 15:54:57');
INSERT INTO `media` (`id`, `media_type_id`, `user_id`, `body`, `filename`, `size`, `metadata`, `created_at`, `updated_at`) VALUES ('16', '16', '16', 'Quis aut modi id ratione sapiente quis. Libero sit tenetur consequuntur provident fugit iste rem exercitationem. Ut consequatur impedit voluptas sint officiis et. Et id harum itaque modi quisquam quae non.', 'laudantium', 242487542, NULL, '1980-03-08 00:06:07', '2019-05-31 05:48:04');
INSERT INTO `media` (`id`, `media_type_id`, `user_id`, `body`, `filename`, `size`, `metadata`, `created_at`, `updated_at`) VALUES ('17', '17', '17', 'Harum aut nihil explicabo aperiam. Veritatis dolore aut commodi vitae nostrum ipsum. Et qui eveniet quibusdam cumque temporibus. Eligendi consequuntur quas sapiente voluptas id facere sunt.', 'modi', 4, NULL, '1983-01-06 17:06:34', '1990-08-08 12:24:31');
INSERT INTO `media` (`id`, `media_type_id`, `user_id`, `body`, `filename`, `size`, `metadata`, `created_at`, `updated_at`) VALUES ('18', '18', '18', 'Accusantium laboriosam asperiores iusto nihil aliquam et quis. Illum enim nemo esse vel. Assumenda ut placeat dignissimos ea. Fuga animi quis officiis tempore fugiat harum.', 'quo', 3, NULL, '2011-03-06 11:59:37', '2017-03-31 10:20:43');
INSERT INTO `media` (`id`, `media_type_id`, `user_id`, `body`, `filename`, `size`, `metadata`, `created_at`, `updated_at`) VALUES ('19', '19', '19', 'Voluptates autem magnam molestiae optio molestiae. Culpa voluptatem sint ipsum voluptatem cumque. Aspernatur debitis numquam eligendi sequi dolorum modi neque.', 'tempore', 1, NULL, '2019-10-12 03:47:43', '1992-10-12 01:14:54');
INSERT INTO `media` (`id`, `media_type_id`, `user_id`, `body`, `filename`, `size`, `metadata`, `created_at`, `updated_at`) VALUES ('20', '20', '20', 'Velit magni earum tempora molestiae quibusdam. Laboriosam doloremque ullam dolor eligendi. Suscipit commodi iste error aut expedita necessitatibus esse.', 'earum', 244666505, NULL, '1979-01-14 00:34:28', '2002-11-22 00:09:44');
INSERT INTO `media` (`id`, `media_type_id`, `user_id`, `body`, `filename`, `size`, `metadata`, `created_at`, `updated_at`) VALUES ('21', '21', '21', 'Voluptatem est ut iusto vel non cum quisquam. Temporibus sit ut assumenda deleniti tenetur. Et est perferendis doloribus ut culpa rerum omnis.', 'soluta', 9, NULL, '2016-11-22 19:58:53', '2009-01-17 02:43:44');
INSERT INTO `media` (`id`, `media_type_id`, `user_id`, `body`, `filename`, `size`, `metadata`, `created_at`, `updated_at`) VALUES ('22', '22', '22', 'Quis illum molestiae rerum magni ut. Fuga eos deleniti quas autem enim laborum corporis.', 'eligendi', 71733051, NULL, '1975-06-08 11:20:42', '2006-04-14 20:02:59');
INSERT INTO `media` (`id`, `media_type_id`, `user_id`, `body`, `filename`, `size`, `metadata`, `created_at`, `updated_at`) VALUES ('23', '23', '23', 'Nisi quia ut maxime odit quaerat culpa nesciunt. Saepe nostrum beatae quod voluptatem facilis perferendis perspiciatis at. Accusantium sapiente et est id et laboriosam molestiae cumque.', 'consequatur', 5742, NULL, '1983-08-13 21:56:44', '2004-04-25 05:40:39');
INSERT INTO `media` (`id`, `media_type_id`, `user_id`, `body`, `filename`, `size`, `metadata`, `created_at`, `updated_at`) VALUES ('24', '24', '24', 'Dolorum omnis et iusto. Quia voluptate ut et voluptatem ut rem. Vitae sunt tenetur aut consequatur iure nisi cumque. Ad distinctio quod nostrum est est ipsam.', 'omnis', 3970, NULL, '1970-04-14 06:50:41', '2001-12-29 13:00:09');
INSERT INTO `media` (`id`, `media_type_id`, `user_id`, `body`, `filename`, `size`, `metadata`, `created_at`, `updated_at`) VALUES ('25', '25', '25', 'Repudiandae voluptatem aliquam repudiandae odit assumenda. Laboriosam esse omnis saepe dolor sunt. Dolorum molestiae fugiat delectus sit laudantium. Sunt libero doloribus quaerat autem voluptates nostrum explicabo nisi.', 'debitis', 0, NULL, '2012-02-26 12:18:32', '2010-05-20 07:50:36');
INSERT INTO `media` (`id`, `media_type_id`, `user_id`, `body`, `filename`, `size`, `metadata`, `created_at`, `updated_at`) VALUES ('26', '26', '26', 'Voluptatem accusamus dolores illo earum deserunt. Eius voluptatem soluta nesciunt ullam nihil et nemo. Voluptatem voluptas nobis quas.', 'modi', 40, NULL, '1988-12-20 17:26:24', '2000-07-14 19:05:53');
INSERT INTO `media` (`id`, `media_type_id`, `user_id`, `body`, `filename`, `size`, `metadata`, `created_at`, `updated_at`) VALUES ('27', '27', '27', 'Autem in dolorem dolores est blanditiis. Inventore nemo mollitia repellendus. Sit fugit autem ut id.', 'rem', 4, NULL, '2017-11-19 16:47:22', '2013-03-28 16:05:42');
INSERT INTO `media` (`id`, `media_type_id`, `user_id`, `body`, `filename`, `size`, `metadata`, `created_at`, `updated_at`) VALUES ('28', '28', '28', 'Id vitae est id nulla sit. Ea consectetur sit hic excepturi. Dolorem omnis provident quia culpa dolor architecto.', 'et', 5, NULL, '2007-02-16 17:06:52', '1991-07-30 08:00:09');
INSERT INTO `media` (`id`, `media_type_id`, `user_id`, `body`, `filename`, `size`, `metadata`, `created_at`, `updated_at`) VALUES ('29', '29', '29', 'Blanditiis maiores accusamus dolores quaerat in ea odit. Quod voluptatibus id iure dolorem ullam dolores. Et quo ut hic quis voluptate praesentium deserunt.', 'libero', 0, NULL, '1988-05-27 20:56:51', '2018-10-12 05:04:57');
INSERT INTO `media` (`id`, `media_type_id`, `user_id`, `body`, `filename`, `size`, `metadata`, `created_at`, `updated_at`) VALUES ('30', '30', '30', 'Qui id autem ipsum sed voluptatum. Provident aut est autem omnis aut culpa et. Qui debitis sed voluptatem dolorum optio. Earum eaque et vero ad voluptatem.', 'ut', 330135846, NULL, '1991-07-23 00:00:49', '2008-07-22 12:26:27');
INSERT INTO `media` (`id`, `media_type_id`, `user_id`, `body`, `filename`, `size`, `metadata`, `created_at`, `updated_at`) VALUES ('31', '31', '31', 'Ab consequatur quis voluptatem modi illo numquam et. Sint sed sit aut voluptatum quo eum. Ea nihil fuga doloremque voluptates. Eum excepturi quas et et quo aliquid explicabo eveniet.', 'voluptatem', 89193215, NULL, '2004-09-19 21:53:27', '2012-12-09 18:08:28');
INSERT INTO `media` (`id`, `media_type_id`, `user_id`, `body`, `filename`, `size`, `metadata`, `created_at`, `updated_at`) VALUES ('32', '32', '32', 'Est quas voluptas sed dolor. Suscipit natus repellat aspernatur asperiores nostrum velit. Dicta corporis accusamus temporibus libero. Minus blanditiis autem quam nesciunt.', 'placeat', 535, NULL, '1991-02-11 23:53:40', '2006-11-27 15:34:59');
INSERT INTO `media` (`id`, `media_type_id`, `user_id`, `body`, `filename`, `size`, `metadata`, `created_at`, `updated_at`) VALUES ('33', '33', '33', 'Nam sint debitis omnis. Excepturi qui accusantium in omnis autem. Tempora sit vitae ullam et enim non minima.', 'laudantium', 1, NULL, '1994-01-29 07:30:55', '1996-03-15 01:17:02');
INSERT INTO `media` (`id`, `media_type_id`, `user_id`, `body`, `filename`, `size`, `metadata`, `created_at`, `updated_at`) VALUES ('34', '34', '34', 'Est dolorem temporibus incidunt vitae et veritatis. Et ab neque nihil.', 'in', 6, NULL, '2014-07-18 00:14:21', '1979-06-16 05:11:54');
INSERT INTO `media` (`id`, `media_type_id`, `user_id`, `body`, `filename`, `size`, `metadata`, `created_at`, `updated_at`) VALUES ('35', '35', '35', 'Nulla cupiditate quia debitis autem libero et. Eum autem enim est. Dignissimos voluptas odit sunt velit est. Cum a quaerat deserunt omnis ut magni accusantium.', 'tempora', 9431513, NULL, '1992-07-25 15:01:19', '2010-10-15 19:32:16');
INSERT INTO `media` (`id`, `media_type_id`, `user_id`, `body`, `filename`, `size`, `metadata`, `created_at`, `updated_at`) VALUES ('36', '36', '36', 'Soluta et repellendus quia reprehenderit laudantium iure autem. Debitis aut temporibus ipsam atque odio nam.', 'cum', 449436081, NULL, '2015-01-31 00:01:01', '2006-08-30 17:23:25');
INSERT INTO `media` (`id`, `media_type_id`, `user_id`, `body`, `filename`, `size`, `metadata`, `created_at`, `updated_at`) VALUES ('37', '37', '37', 'Totam eaque earum omnis id. Rem quo blanditiis consequatur sunt. Ut quo magnam fugiat optio. Numquam dolores commodi et voluptatem. Eum est sint qui illum repellendus magnam.', 'quidem', 67143, NULL, '1975-01-21 19:29:00', '2002-05-10 05:40:17');
INSERT INTO `media` (`id`, `media_type_id`, `user_id`, `body`, `filename`, `size`, `metadata`, `created_at`, `updated_at`) VALUES ('38', '38', '38', 'Quia veritatis aut dicta eveniet. Voluptatibus expedita ut laborum eos ut. Deserunt id quia autem aut sit.', 'ut', 301360, NULL, '1981-09-23 04:19:32', '1983-04-19 01:31:02');
INSERT INTO `media` (`id`, `media_type_id`, `user_id`, `body`, `filename`, `size`, `metadata`, `created_at`, `updated_at`) VALUES ('39', '39', '39', 'Iure alias quae fugit. Qui officiis tempore nulla vel dolore ad unde. Est maiores dolorem ut voluptatem repellendus est autem ab. Et ratione qui unde maxime omnis exercitationem accusamus quis.', 'voluptates', 630829, NULL, '1996-04-01 03:55:33', '1982-12-30 01:45:01');
INSERT INTO `media` (`id`, `media_type_id`, `user_id`, `body`, `filename`, `size`, `metadata`, `created_at`, `updated_at`) VALUES ('40', '40', '40', 'Ullam soluta maxime vitae rem dolorem fugit voluptates. Omnis dolorem enim laboriosam at. Blanditiis voluptas expedita reprehenderit.', 'autem', 697, NULL, '1989-10-01 14:57:07', '1971-08-22 20:37:32');
INSERT INTO `media` (`id`, `media_type_id`, `user_id`, `body`, `filename`, `size`, `metadata`, `created_at`, `updated_at`) VALUES ('41', '41', '41', 'Tempore aut nobis est et veritatis possimus. Odit provident quae ducimus autem eveniet deleniti sapiente. Est earum qui vel est atque quod perferendis cum.', 'quas', 701, NULL, '1986-06-02 07:55:49', '2010-05-29 07:49:55');
INSERT INTO `media` (`id`, `media_type_id`, `user_id`, `body`, `filename`, `size`, `metadata`, `created_at`, `updated_at`) VALUES ('42', '42', '42', 'Labore beatae quo quibusdam molestiae. Quibusdam et quae autem est quo impedit doloremque. Quo recusandae laborum aliquid eum. Ut unde incidunt aut sint cupiditate.', 'aut', 0, NULL, '2000-03-14 09:46:42', '1972-06-15 19:03:49');
INSERT INTO `media` (`id`, `media_type_id`, `user_id`, `body`, `filename`, `size`, `metadata`, `created_at`, `updated_at`) VALUES ('43', '43', '43', 'Doloremque soluta provident recusandae sit dolores ea. Debitis id hic sapiente. Labore aut vel in vel minus magni mollitia et. Reprehenderit ipsum debitis fuga assumenda aut consectetur quod.', 'incidunt', 9, NULL, '1997-02-11 17:20:36', '1997-07-01 15:33:54');
INSERT INTO `media` (`id`, `media_type_id`, `user_id`, `body`, `filename`, `size`, `metadata`, `created_at`, `updated_at`) VALUES ('44', '44', '44', 'Omnis culpa dicta molestiae dignissimos hic laborum molestias magnam. Delectus minus alias est. Rerum aut enim exercitationem et ea et quisquam corrupti.', 'in', 733783028, NULL, '2010-01-16 09:33:49', '1983-05-31 03:01:06');
INSERT INTO `media` (`id`, `media_type_id`, `user_id`, `body`, `filename`, `size`, `metadata`, `created_at`, `updated_at`) VALUES ('45', '45', '45', 'Eaque ducimus dolor dolorem quo nobis magni. Asperiores ducimus reprehenderit itaque est quod amet mollitia reprehenderit. Hic quod culpa laudantium qui ipsum. Sit et quo aperiam rerum.', 'ab', 46, NULL, '2008-11-29 08:42:42', '1986-01-14 10:06:30');
INSERT INTO `media` (`id`, `media_type_id`, `user_id`, `body`, `filename`, `size`, `metadata`, `created_at`, `updated_at`) VALUES ('46', '46', '46', 'Omnis dignissimos quia eum tempore accusantium et. Qui odio iusto autem earum. Similique delectus ut ut ipsam.', 'cumque', 695, NULL, '1999-01-27 16:16:49', '1994-11-15 04:02:31');
INSERT INTO `media` (`id`, `media_type_id`, `user_id`, `body`, `filename`, `size`, `metadata`, `created_at`, `updated_at`) VALUES ('47', '47', '47', 'Sed fugit natus iusto deserunt est pariatur. Officia fugit omnis et ea molestiae. Voluptatem qui ex dolorem ea culpa. Et cupiditate aut deleniti error et quia. Veniam nam id eveniet ex deleniti quaerat itaque perferendis.', 'sed', 98985009, NULL, '1980-09-12 18:45:33', '2003-08-27 17:40:24');
INSERT INTO `media` (`id`, `media_type_id`, `user_id`, `body`, `filename`, `size`, `metadata`, `created_at`, `updated_at`) VALUES ('48', '48', '48', 'Et explicabo necessitatibus dignissimos quos maxime sapiente est minus. Modi impedit nemo velit sed earum. Ut omnis saepe reiciendis excepturi voluptatem.', 'amet', 72, NULL, '2000-08-03 16:42:00', '2007-05-21 14:09:16');
INSERT INTO `media` (`id`, `media_type_id`, `user_id`, `body`, `filename`, `size`, `metadata`, `created_at`, `updated_at`) VALUES ('49', '49', '49', 'Similique odit est eligendi laudantium libero ut. Numquam ratione ducimus et sint omnis. Sed fuga neque quia aut. Harum aliquid exercitationem et et qui.', 'enim', 660, NULL, '2017-01-31 04:46:19', '2015-11-19 02:10:30');
INSERT INTO `media` (`id`, `media_type_id`, `user_id`, `body`, `filename`, `size`, `metadata`, `created_at`, `updated_at`) VALUES ('50', '50', '50', 'Sint non facere aliquam eligendi at non. Architecto qui pariatur sit dicta velit non dolor. Sit corporis cumque quas veniam vel. Sit dicta ipsam quis non consectetur et sunt.', 'non', 66102, NULL, '2018-03-30 20:57:27', '2004-03-21 14:03:39');
INSERT INTO `media` (`id`, `media_type_id`, `user_id`, `body`, `filename`, `size`, `metadata`, `created_at`, `updated_at`) VALUES ('51', '51', '51', 'Laboriosam saepe voluptatum voluptatum. Sunt ex dolorum deleniti maiores fuga. Commodi nulla quo aperiam qui accusamus. Asperiores sequi earum aliquid soluta est quos ut.', 'ipsam', 7636938, NULL, '1978-02-10 05:09:46', '1980-09-22 10:34:27');
INSERT INTO `media` (`id`, `media_type_id`, `user_id`, `body`, `filename`, `size`, `metadata`, `created_at`, `updated_at`) VALUES ('52', '52', '52', 'Aut dolorem qui id. Consectetur tenetur corrupti quidem. Atque id possimus adipisci doloribus quasi rerum. Reprehenderit assumenda numquam debitis consequatur consectetur eligendi dicta delectus.', 'et', 7816, NULL, '1977-12-16 06:23:33', '2020-01-10 17:59:05');
INSERT INTO `media` (`id`, `media_type_id`, `user_id`, `body`, `filename`, `size`, `metadata`, `created_at`, `updated_at`) VALUES ('53', '53', '53', 'Commodi atque quis ut accusamus. Hic dolores sunt quam nulla et deserunt dolore. Itaque dignissimos eius ut officiis.', 'magni', 463, NULL, '1978-02-20 14:42:52', '1987-06-26 19:35:25');
INSERT INTO `media` (`id`, `media_type_id`, `user_id`, `body`, `filename`, `size`, `metadata`, `created_at`, `updated_at`) VALUES ('54', '54', '54', 'Quo quia eos exercitationem laborum minima voluptatem voluptate. Unde molestiae est officia molestiae. Atque tempore ut qui eos. Voluptatum quod sint odio et corporis consequatur.', 'est', 0, NULL, '2016-07-29 00:59:29', '2016-03-01 17:08:33');
INSERT INTO `media` (`id`, `media_type_id`, `user_id`, `body`, `filename`, `size`, `metadata`, `created_at`, `updated_at`) VALUES ('55', '55', '55', 'Quia est qui assumenda at eius ullam adipisci. Quisquam eveniet modi libero.', 'fuga', 89453765, NULL, '2003-04-18 17:50:26', '1983-11-24 12:58:52');
INSERT INTO `media` (`id`, `media_type_id`, `user_id`, `body`, `filename`, `size`, `metadata`, `created_at`, `updated_at`) VALUES ('56', '56', '56', 'Et reprehenderit cumque blanditiis minus. Quia suscipit accusantium omnis suscipit. Doloremque quia et placeat quia vitae est sed. Et ea magnam est numquam ut adipisci amet. Eveniet eos expedita qui natus.', 'nam', 0, NULL, '2020-02-26 09:13:07', '1978-04-16 10:27:02');
INSERT INTO `media` (`id`, `media_type_id`, `user_id`, `body`, `filename`, `size`, `metadata`, `created_at`, `updated_at`) VALUES ('57', '57', '57', 'Est iure ut ipsum ut. Necessitatibus eos nemo est expedita et culpa quo. Aspernatur sint iusto dolor aliquam ut dolore ipsum culpa. Qui aperiam omnis aut quae deleniti dolorum.', 'similique', 6214, NULL, '1975-03-03 15:30:38', '2018-07-12 08:21:01');
INSERT INTO `media` (`id`, `media_type_id`, `user_id`, `body`, `filename`, `size`, `metadata`, `created_at`, `updated_at`) VALUES ('58', '58', '58', 'Eum aliquam in qui impedit incidunt nihil rem. Ducimus explicabo laboriosam vitae quia sunt. Nobis deserunt nihil architecto earum quo.', 'facere', 703193, NULL, '2018-10-08 05:25:10', '2003-03-12 21:12:56');
INSERT INTO `media` (`id`, `media_type_id`, `user_id`, `body`, `filename`, `size`, `metadata`, `created_at`, `updated_at`) VALUES ('59', '59', '59', 'Ipsa provident recusandae sunt est labore molestiae. Qui nihil perferendis quasi id. Architecto et commodi sed saepe corrupti mollitia.', 'voluptatem', 95216225, NULL, '2015-06-03 22:24:27', '1987-08-03 05:55:15');
INSERT INTO `media` (`id`, `media_type_id`, `user_id`, `body`, `filename`, `size`, `metadata`, `created_at`, `updated_at`) VALUES ('60', '60', '60', 'Animi pariatur beatae optio fugit nemo suscipit beatae. Omnis asperiores suscipit quas tenetur architecto. Commodi ut ut voluptatem illum hic. Laudantium suscipit officia reprehenderit eos.', 'eum', 27, NULL, '1995-10-20 13:38:34', '1984-12-04 17:48:18');
INSERT INTO `media` (`id`, `media_type_id`, `user_id`, `body`, `filename`, `size`, `metadata`, `created_at`, `updated_at`) VALUES ('61', '61', '61', 'Et officia iure quisquam vitae. Alias deserunt dolorem maxime est. Omnis rerum eum maiores est voluptatem qui ducimus. Praesentium ea vero iste molestias quo sapiente repellendus.', 'voluptatem', 4205, NULL, '1989-05-22 12:48:24', '2000-05-11 22:05:45');
INSERT INTO `media` (`id`, `media_type_id`, `user_id`, `body`, `filename`, `size`, `metadata`, `created_at`, `updated_at`) VALUES ('62', '62', '62', 'Sit dolore libero voluptatum qui consequatur ad. Vero sint enim tempora recusandae ipsa minus. Tempore doloribus ea quae nesciunt voluptatem vel earum.', 'consequatur', 70, NULL, '1987-07-29 21:08:52', '1971-09-26 15:51:44');
INSERT INTO `media` (`id`, `media_type_id`, `user_id`, `body`, `filename`, `size`, `metadata`, `created_at`, `updated_at`) VALUES ('63', '63', '63', 'Qui aliquid mollitia beatae ducimus et quia. Quisquam quo et labore rerum ea ut. Sunt ea ex et distinctio. Consequatur sed doloribus accusamus voluptates nihil velit magni fugit. Voluptatibus mollitia blanditiis et incidunt.', 'dicta', 852489528, NULL, '1980-07-16 09:21:03', '1998-10-01 17:01:14');
INSERT INTO `media` (`id`, `media_type_id`, `user_id`, `body`, `filename`, `size`, `metadata`, `created_at`, `updated_at`) VALUES ('64', '64', '64', 'Ratione consequatur rerum voluptate qui rerum. Voluptas ea maiores nihil numquam. Animi ea nisi dolor dignissimos.', 'ut', 64, NULL, '2000-12-07 17:38:10', '2018-01-25 09:02:09');
INSERT INTO `media` (`id`, `media_type_id`, `user_id`, `body`, `filename`, `size`, `metadata`, `created_at`, `updated_at`) VALUES ('65', '65', '65', 'Rerum voluptate nemo eos laboriosam. Numquam odit minus recusandae cupiditate velit in vitae omnis. Nostrum ut reiciendis quia.', 'earum', 5443, NULL, '1999-08-22 18:28:57', '1971-02-22 13:11:25');
INSERT INTO `media` (`id`, `media_type_id`, `user_id`, `body`, `filename`, `size`, `metadata`, `created_at`, `updated_at`) VALUES ('66', '66', '66', 'Sit nisi et eveniet nemo ex quia. Sed pariatur suscipit at est ut reprehenderit rerum. Dolorem sit cum eligendi animi. Sunt iure sint soluta omnis inventore consequuntur harum.', 'impedit', 22560, NULL, '2010-06-12 21:50:38', '1988-12-20 17:38:21');
INSERT INTO `media` (`id`, `media_type_id`, `user_id`, `body`, `filename`, `size`, `metadata`, `created_at`, `updated_at`) VALUES ('67', '67', '67', 'Asperiores neque ducimus voluptas et. Omnis voluptatem voluptas dolores optio maxime.', 'consequuntur', 500, NULL, '1991-05-13 02:49:04', '2013-08-17 20:21:50');
INSERT INTO `media` (`id`, `media_type_id`, `user_id`, `body`, `filename`, `size`, `metadata`, `created_at`, `updated_at`) VALUES ('68', '68', '68', 'Quae omnis praesentium quia et. Ipsam est molestias iste fuga earum.', 'dignissimos', 38658, NULL, '1999-03-02 11:25:39', '1988-04-12 23:59:36');
INSERT INTO `media` (`id`, `media_type_id`, `user_id`, `body`, `filename`, `size`, `metadata`, `created_at`, `updated_at`) VALUES ('69', '69', '69', 'Recusandae suscipit necessitatibus et ut. Explicabo vitae commodi nam laboriosam in et.', 'accusamus', 0, NULL, '1991-03-23 22:13:25', '1978-12-12 11:02:12');
INSERT INTO `media` (`id`, `media_type_id`, `user_id`, `body`, `filename`, `size`, `metadata`, `created_at`, `updated_at`) VALUES ('70', '70', '70', 'Neque similique in exercitationem pariatur. Enim sit autem pariatur non ipsum. Consequatur modi nesciunt et rem dignissimos. Qui nisi quia odit sit sed consequatur voluptatem eius.', 'sit', 2529, NULL, '1973-01-04 18:09:02', '1999-01-17 02:17:46');
INSERT INTO `media` (`id`, `media_type_id`, `user_id`, `body`, `filename`, `size`, `metadata`, `created_at`, `updated_at`) VALUES ('71', '71', '71', 'Est voluptatem unde incidunt omnis natus. Molestias ut ab non voluptatum. Vitae animi occaecati et excepturi magnam.', 'sit', 9, NULL, '2008-09-29 10:37:36', '1988-10-26 14:29:09');
INSERT INTO `media` (`id`, `media_type_id`, `user_id`, `body`, `filename`, `size`, `metadata`, `created_at`, `updated_at`) VALUES ('72', '72', '72', 'Quo ut consequatur eum eius. Tempore ut impedit assumenda non. Quia tenetur non tempore. Maiores amet dolorem distinctio.', 'aut', 48335, NULL, '1987-09-21 21:04:15', '1999-04-03 21:07:21');
INSERT INTO `media` (`id`, `media_type_id`, `user_id`, `body`, `filename`, `size`, `metadata`, `created_at`, `updated_at`) VALUES ('73', '73', '73', 'Eum nemo adipisci aliquid id et et. Veritatis et provident veritatis fugiat qui quos aut. Similique quos fugiat magnam quia. Odit id consequatur ipsa vitae explicabo.', 'dicta', 915, NULL, '1992-06-19 11:29:36', '2005-01-16 15:26:38');
INSERT INTO `media` (`id`, `media_type_id`, `user_id`, `body`, `filename`, `size`, `metadata`, `created_at`, `updated_at`) VALUES ('74', '74', '74', 'Voluptatem voluptas optio facere id repellat. Mollitia aut fugiat voluptatem enim est. Necessitatibus iste nesciunt eligendi praesentium inventore ducimus sed.', 'perferendis', 9733213, NULL, '1996-01-20 23:54:53', '2004-02-21 14:40:06');
INSERT INTO `media` (`id`, `media_type_id`, `user_id`, `body`, `filename`, `size`, `metadata`, `created_at`, `updated_at`) VALUES ('75', '75', '75', 'Fugiat sapiente amet quisquam blanditiis optio autem quam. Harum quidem iure nesciunt quos est culpa. At nesciunt reiciendis cum distinctio possimus iusto.', 'incidunt', 614014222, NULL, '1976-05-19 08:08:53', '1987-07-13 19:56:21');
INSERT INTO `media` (`id`, `media_type_id`, `user_id`, `body`, `filename`, `size`, `metadata`, `created_at`, `updated_at`) VALUES ('76', '76', '76', 'Tempora fugiat doloribus debitis nobis nostrum tenetur tenetur. Molestias fugiat quod quo rem sapiente dignissimos. Eveniet beatae et eos dolor aspernatur rem et. Eius tenetur libero temporibus ut molestiae eveniet.', 'voluptas', 243141, NULL, '2001-02-10 17:38:45', '2009-02-13 09:31:45');
INSERT INTO `media` (`id`, `media_type_id`, `user_id`, `body`, `filename`, `size`, `metadata`, `created_at`, `updated_at`) VALUES ('77', '77', '77', 'Quaerat facilis maxime voluptas eveniet aperiam explicabo quia vitae. Illum fuga doloremque enim quidem harum voluptatem qui. A quo quasi rerum et.', 'optio', 0, NULL, '1980-05-07 23:53:58', '1989-05-30 10:25:12');
INSERT INTO `media` (`id`, `media_type_id`, `user_id`, `body`, `filename`, `size`, `metadata`, `created_at`, `updated_at`) VALUES ('78', '78', '78', 'Vero itaque error voluptatem facere omnis consequatur. Voluptatem delectus nihil doloremque deserunt ducimus. Ut odit ut eveniet animi asperiores a. Est sit qui aut modi voluptatem.', 'atque', 994381, NULL, '1979-01-01 15:20:23', '2005-05-01 12:58:21');
INSERT INTO `media` (`id`, `media_type_id`, `user_id`, `body`, `filename`, `size`, `metadata`, `created_at`, `updated_at`) VALUES ('79', '79', '79', 'Inventore eaque eveniet quaerat facere commodi placeat eum dolorum. Laboriosam eligendi debitis temporibus voluptate. Et ut quo laboriosam perspiciatis eveniet aliquam quo.', 'et', 75, NULL, '1993-02-21 14:12:19', '2007-12-21 06:26:17');
INSERT INTO `media` (`id`, `media_type_id`, `user_id`, `body`, `filename`, `size`, `metadata`, `created_at`, `updated_at`) VALUES ('80', '80', '80', 'Ipsam iste temporibus est et. Iure earum accusamus quo nihil dignissimos. Et aut omnis nulla veniam sit.', 'consequatur', 94, NULL, '2017-03-23 07:10:15', '2015-09-03 21:55:56');
INSERT INTO `media` (`id`, `media_type_id`, `user_id`, `body`, `filename`, `size`, `metadata`, `created_at`, `updated_at`) VALUES ('81', '81', '81', 'Dolores qui et beatae rerum voluptas rerum aspernatur. Consequatur perspiciatis commodi voluptatem dicta id necessitatibus. Aperiam occaecati deserunt eos est cum. Reprehenderit inventore in autem sed debitis.', 'porro', 784, NULL, '2017-12-05 02:56:21', '1987-08-06 06:29:58');
INSERT INTO `media` (`id`, `media_type_id`, `user_id`, `body`, `filename`, `size`, `metadata`, `created_at`, `updated_at`) VALUES ('82', '82', '82', 'Recusandae est aliquid nulla aperiam. Mollitia explicabo alias nihil fugiat. Labore facere ea nihil velit qui.', 'aut', 8010266, NULL, '1990-01-01 04:31:01', '1991-05-20 12:41:38');
INSERT INTO `media` (`id`, `media_type_id`, `user_id`, `body`, `filename`, `size`, `metadata`, `created_at`, `updated_at`) VALUES ('83', '83', '83', 'Enim et voluptas enim ad numquam impedit ut nobis. Sint eos sit rem veniam velit eaque. Adipisci in et laboriosam hic.', 'distinctio', 0, NULL, '2014-04-30 08:31:10', '2016-12-09 01:05:29');
INSERT INTO `media` (`id`, `media_type_id`, `user_id`, `body`, `filename`, `size`, `metadata`, `created_at`, `updated_at`) VALUES ('84', '84', '84', 'Ut nulla optio natus perferendis est sit. Eos labore voluptatem optio odit minus sed fugiat. Iste nam harum voluptatum sit. Laudantium provident laboriosam laboriosam reprehenderit.', 'corrupti', 473, NULL, '1980-08-27 11:04:22', '1981-05-26 09:26:04');
INSERT INTO `media` (`id`, `media_type_id`, `user_id`, `body`, `filename`, `size`, `metadata`, `created_at`, `updated_at`) VALUES ('85', '85', '85', 'Accusantium ut dolore eos non molestiae quis dolore. Velit consequatur cumque hic eligendi magni quo molestiae. Dolor quae quam praesentium culpa magni quam ipsam quaerat.', 'minima', 43180, NULL, '2011-04-20 01:44:33', '1986-03-16 12:29:27');
INSERT INTO `media` (`id`, `media_type_id`, `user_id`, `body`, `filename`, `size`, `metadata`, `created_at`, `updated_at`) VALUES ('86', '86', '86', 'Repellendus dignissimos officia sit et architecto ducimus. Ut deserunt aut quasi error eos officiis. Et blanditiis et ut qui maxime porro modi. Ut deleniti sint ut quia in libero cupiditate et.', 'delectus', 47, NULL, '1999-07-25 00:33:19', '2019-12-04 11:47:24');
INSERT INTO `media` (`id`, `media_type_id`, `user_id`, `body`, `filename`, `size`, `metadata`, `created_at`, `updated_at`) VALUES ('87', '87', '87', 'Nulla ullam sed aut a. Quibusdam quia accusamus animi voluptates qui corporis. Quia eveniet possimus illum voluptatum exercitationem in veritatis.', 'molestiae', 81013, NULL, '2017-05-03 15:28:19', '2017-03-18 16:12:15');
INSERT INTO `media` (`id`, `media_type_id`, `user_id`, `body`, `filename`, `size`, `metadata`, `created_at`, `updated_at`) VALUES ('88', '88', '88', 'Inventore perferendis facilis voluptatum aut dolorem. Rerum modi molestiae voluptatem. Eligendi aut corrupti et. Facilis ullam quod omnis.', 'et', 43032837, NULL, '2015-02-25 00:39:32', '1976-11-23 22:43:35');
INSERT INTO `media` (`id`, `media_type_id`, `user_id`, `body`, `filename`, `size`, `metadata`, `created_at`, `updated_at`) VALUES ('89', '89', '89', 'Necessitatibus odit et asperiores ipsa et consequuntur. Magnam sit rerum animi placeat expedita nostrum laborum. Sint porro distinctio hic ipsam. Quae sed repellendus dolorum a.', 'iusto', 887408, NULL, '2000-11-07 15:57:46', '1994-12-26 18:48:14');
INSERT INTO `media` (`id`, `media_type_id`, `user_id`, `body`, `filename`, `size`, `metadata`, `created_at`, `updated_at`) VALUES ('90', '90', '90', 'Ut est ab qui qui. Et et rerum ut quisquam quo sit deleniti. Dolor et rem saepe quas aliquid autem. Deleniti culpa nesciunt quam explicabo. Possimus nam possimus sunt esse commodi ut.', 'aut', 271201, NULL, '1980-05-17 20:21:54', '1983-09-15 05:50:34');
INSERT INTO `media` (`id`, `media_type_id`, `user_id`, `body`, `filename`, `size`, `metadata`, `created_at`, `updated_at`) VALUES ('91', '91', '91', 'Quia fugiat eveniet perspiciatis repellat voluptatem a deserunt. Explicabo dolor deleniti aut asperiores.', 'sit', 97810346, NULL, '1984-03-02 22:14:48', '1994-11-04 18:36:22');
INSERT INTO `media` (`id`, `media_type_id`, `user_id`, `body`, `filename`, `size`, `metadata`, `created_at`, `updated_at`) VALUES ('92', '92', '92', 'Optio earum nobis aperiam aut doloribus quasi quos exercitationem. Quos consectetur qui vel dolor. Beatae ex laboriosam provident sit. Ut possimus perspiciatis enim exercitationem similique impedit.', 'officiis', 3081557, NULL, '1990-05-30 02:03:37', '1996-02-21 01:11:29');
INSERT INTO `media` (`id`, `media_type_id`, `user_id`, `body`, `filename`, `size`, `metadata`, `created_at`, `updated_at`) VALUES ('93', '93', '93', 'Dignissimos sit nulla doloremque placeat. Accusantium porro ratione qui deserunt. Molestias iure sed est voluptate recusandae nemo ut autem. Dicta et ut modi ea sapiente neque. Maxime totam ut iusto ullam non voluptates dolor.', 'qui', 2649, NULL, '1979-01-02 17:59:42', '2014-11-30 19:50:47');
INSERT INTO `media` (`id`, `media_type_id`, `user_id`, `body`, `filename`, `size`, `metadata`, `created_at`, `updated_at`) VALUES ('94', '94', '94', 'Vel dicta molestiae rerum dolorem ratione. Explicabo ut quaerat sed et sit quis doloremque assumenda. Amet quasi quae rerum laboriosam.', 'quidem', 6452, NULL, '1988-05-26 09:32:43', '2019-05-29 12:37:30');
INSERT INTO `media` (`id`, `media_type_id`, `user_id`, `body`, `filename`, `size`, `metadata`, `created_at`, `updated_at`) VALUES ('95', '95', '95', 'Et est cum est beatae ipsa modi molestias. Nemo et laboriosam vel ab ducimus. Dolor deleniti ullam quae eaque ea possimus quia.', 'dolorum', 284043, NULL, '2017-11-16 09:11:01', '2014-08-06 21:19:35');
INSERT INTO `media` (`id`, `media_type_id`, `user_id`, `body`, `filename`, `size`, `metadata`, `created_at`, `updated_at`) VALUES ('96', '96', '96', 'Inventore quisquam et soluta deserunt amet quasi pariatur. Sed eos odio qui quaerat eos in ut qui. Est magnam minima voluptatem sit. Voluptatem et qui deserunt tenetur dolorem eum quos saepe.', 'sint', 105, NULL, '2000-04-11 19:52:41', '1979-02-01 03:22:52');
INSERT INTO `media` (`id`, `media_type_id`, `user_id`, `body`, `filename`, `size`, `metadata`, `created_at`, `updated_at`) VALUES ('97', '97', '97', 'Aliquid rerum atque fugit veniam aperiam qui. Harum fugit eos dolore quia quae autem perspiciatis. Magni occaecati consequatur aut magni sequi.', 'enim', 885, NULL, '2013-04-21 07:37:21', '1998-08-08 18:07:34');
INSERT INTO `media` (`id`, `media_type_id`, `user_id`, `body`, `filename`, `size`, `metadata`, `created_at`, `updated_at`) VALUES ('98', '98', '98', 'Corporis ipsa est hic doloremque. Minus rerum recusandae error nulla cumque perferendis. Molestiae quia eos asperiores vel quo quae.', 'eum', 0, NULL, '1979-09-06 10:45:37', '1985-08-18 10:46:07');
INSERT INTO `media` (`id`, `media_type_id`, `user_id`, `body`, `filename`, `size`, `metadata`, `created_at`, `updated_at`) VALUES ('99', '99', '99', 'Vel quae maxime quaerat adipisci nesciunt. Magnam voluptate quidem sit cum debitis. Unde dolorem eos consequuntur modi. Vero modi non et aperiam aliquam placeat nostrum.', 'exercitationem', 5137, NULL, '1999-10-01 18:30:34', '2016-07-14 12:21:40');
INSERT INTO `media` (`id`, `media_type_id`, `user_id`, `body`, `filename`, `size`, `metadata`, `created_at`, `updated_at`) VALUES ('100', '100', '100', 'Eligendi explicabo ipsa saepe libero voluptatem. Voluptatem dignissimos porro optio quos. Odio fuga praesentium ut dolor. Voluptas ut quia quia et sapiente.', 'consequatur', 860, NULL, '2002-12-06 21:37:45', '1989-01-26 09:41:36');




#
# TABLE STRUCTURE FOR: communities
#

DROP TABLE IF EXISTS `communities`;

CREATE TABLE `communities` (
  `id` bigint(20) unsigned NOT NULL AUTO_INCREMENT,
  `name` varchar(150) COLLATE utf8_unicode_ci DEFAULT NULL,
  PRIMARY KEY (`id`),
  KEY `communities_name_idx` (`name`)
) ENGINE=InnoDB AUTO_INCREMENT=101 DEFAULT CHARSET=utf8 COLLATE=utf8_unicode_ci;

INSERT INTO `communities` (`id`, `name`) VALUES ('89', 'a');
INSERT INTO `communities` (`id`, `name`) VALUES ('93', 'accusantium');
INSERT INTO `communities` (`id`, `name`) VALUES ('77', 'ad');
INSERT INTO `communities` (`id`, `name`) VALUES ('19', 'alias');
INSERT INTO `communities` (`id`, `name`) VALUES ('78', 'aliquam');
INSERT INTO `communities` (`id`, `name`) VALUES ('85', 'amet');
INSERT INTO `communities` (`id`, `name`) VALUES ('43', 'aperiam');
INSERT INTO `communities` (`id`, `name`) VALUES ('84', 'architecto');
INSERT INTO `communities` (`id`, `name`) VALUES ('29', 'asperiores');
INSERT INTO `communities` (`id`, `name`) VALUES ('67', 'aspernatur');
INSERT INTO `communities` (`id`, `name`) VALUES ('91', 'atque');
INSERT INTO `communities` (`id`, `name`) VALUES ('14', 'aut');
INSERT INTO `communities` (`id`, `name`) VALUES ('39', 'aut');
INSERT INTO `communities` (`id`, `name`) VALUES ('61', 'aut');
INSERT INTO `communities` (`id`, `name`) VALUES ('79', 'autem');
INSERT INTO `communities` (`id`, `name`) VALUES ('42', 'beatae');
INSERT INTO `communities` (`id`, `name`) VALUES ('87', 'consectetur');
INSERT INTO `communities` (`id`, `name`) VALUES ('28', 'consequatur');
INSERT INTO `communities` (`id`, `name`) VALUES ('4', 'consequuntur');
INSERT INTO `communities` (`id`, `name`) VALUES ('64', 'corporis');
INSERT INTO `communities` (`id`, `name`) VALUES ('47', 'corrupti');
INSERT INTO `communities` (`id`, `name`) VALUES ('72', 'corrupti');
INSERT INTO `communities` (`id`, `name`) VALUES ('57', 'debitis');
INSERT INTO `communities` (`id`, `name`) VALUES ('60', 'doloremque');
INSERT INTO `communities` (`id`, `name`) VALUES ('55', 'ducimus');
INSERT INTO `communities` (`id`, `name`) VALUES ('74', 'eius');
INSERT INTO `communities` (`id`, `name`) VALUES ('86', 'enim');
INSERT INTO `communities` (`id`, `name`) VALUES ('12', 'eos');
INSERT INTO `communities` (`id`, `name`) VALUES ('22', 'esse');
INSERT INTO `communities` (`id`, `name`) VALUES ('25', 'est');
INSERT INTO `communities` (`id`, `name`) VALUES ('38', 'et');
INSERT INTO `communities` (`id`, `name`) VALUES ('44', 'et');
INSERT INTO `communities` (`id`, `name`) VALUES ('51', 'et');
INSERT INTO `communities` (`id`, `name`) VALUES ('62', 'et');
INSERT INTO `communities` (`id`, `name`) VALUES ('76', 'et');
INSERT INTO `communities` (`id`, `name`) VALUES ('88', 'et');
INSERT INTO `communities` (`id`, `name`) VALUES ('7', 'eum');
INSERT INTO `communities` (`id`, `name`) VALUES ('37', 'eum');
INSERT INTO `communities` (`id`, `name`) VALUES ('100', 'eum');
INSERT INTO `communities` (`id`, `name`) VALUES ('71', 'excepturi');
INSERT INTO `communities` (`id`, `name`) VALUES ('96', 'expedita');
INSERT INTO `communities` (`id`, `name`) VALUES ('27', 'fugiat');
INSERT INTO `communities` (`id`, `name`) VALUES ('6', 'fugit');
INSERT INTO `communities` (`id`, `name`) VALUES ('21', 'fugit');
INSERT INTO `communities` (`id`, `name`) VALUES ('68', 'illum');
INSERT INTO `communities` (`id`, `name`) VALUES ('10', 'in');
INSERT INTO `communities` (`id`, `name`) VALUES ('46', 'in');
INSERT INTO `communities` (`id`, `name`) VALUES ('82', 'in');
INSERT INTO `communities` (`id`, `name`) VALUES ('45', 'ipsam');


#
# TABLE STRUCTURE FOR: users_communities
#

DROP TABLE IF EXISTS `users_communities`;

CREATE TABLE `users_communities` (
  `user_id` bigint(20) unsigned NOT NULL,
  `community_id` bigint(20) unsigned NOT NULL,
  PRIMARY KEY (`user_id`,`community_id`),
  KEY `community_id` (`community_id`),
  CONSTRAINT `users_communities_ibfk_1` FOREIGN KEY (`user_id`) REFERENCES `users` (`id`),
  CONSTRAINT `users_communities_ibfk_2` FOREIGN KEY (`community_id`) REFERENCES `communities` (`id`)
) ENGINE=InnoDB DEFAULT CHARSET=utf8 COLLATE=utf8_unicode_ci;

INSERT INTO `users_communities` (`user_id`, `community_id`) VALUES ('1', '63');
INSERT INTO `users_communities` (`user_id`, `community_id`) VALUES ('2', '22');
INSERT INTO `users_communities` (`user_id`, `community_id`) VALUES ('3', '96');
INSERT INTO `users_communities` (`user_id`, `community_id`) VALUES ('4', '80');
INSERT INTO `users_communities` (`user_id`, `community_id`) VALUES ('5', '2');
INSERT INTO `users_communities` (`user_id`, `community_id`) VALUES ('6', '41');
INSERT INTO `users_communities` (`user_id`, `community_id`) VALUES ('7', '2');
INSERT INTO `users_communities` (`user_id`, `community_id`) VALUES ('8', '49');
INSERT INTO `users_communities` (`user_id`, `community_id`) VALUES ('9', '47');
INSERT INTO `users_communities` (`user_id`, `community_id`) VALUES ('10', '70');
INSERT INTO `users_communities` (`user_id`, `community_id`) VALUES ('11', '42');
INSERT INTO `users_communities` (`user_id`, `community_id`) VALUES ('12', '58');
INSERT INTO `users_communities` (`user_id`, `community_id`) VALUES ('13', '19');
INSERT INTO `users_communities` (`user_id`, `community_id`) VALUES ('14', '13');
INSERT INTO `users_communities` (`user_id`, `community_id`) VALUES ('15', '74');
INSERT INTO `users_communities` (`user_id`, `community_id`) VALUES ('16', '81');
INSERT INTO `users_communities` (`user_id`, `community_id`) VALUES ('17', '42');
INSERT INTO `users_communities` (`user_id`, `community_id`) VALUES ('18', '35');
INSERT INTO `users_communities` (`user_id`, `community_id`) VALUES ('19', '63');
INSERT INTO `users_communities` (`user_id`, `community_id`) VALUES ('20', '26');
INSERT INTO `users_communities` (`user_id`, `community_id`) VALUES ('21', '49');
INSERT INTO `users_communities` (`user_id`, `community_id`) VALUES ('22', '55');
INSERT INTO `users_communities` (`user_id`, `community_id`) VALUES ('23', '2');
INSERT INTO `users_communities` (`user_id`, `community_id`) VALUES ('24', '12');
INSERT INTO `users_communities` (`user_id`, `community_id`) VALUES ('25', '14');
INSERT INTO `users_communities` (`user_id`, `community_id`) VALUES ('26', '62');
INSERT INTO `users_communities` (`user_id`, `community_id`) VALUES ('27', '60');
INSERT INTO `users_communities` (`user_id`, `community_id`) VALUES ('28', '60');
INSERT INTO `users_communities` (`user_id`, `community_id`) VALUES ('29', '97');
INSERT INTO `users_communities` (`user_id`, `community_id`) VALUES ('30', '93');
INSERT INTO `users_communities` (`user_id`, `community_id`) VALUES ('31', '7');
INSERT INTO `users_communities` (`user_id`, `community_id`) VALUES ('32', '60');
INSERT INTO `users_communities` (`user_id`, `community_id`) VALUES ('33', '14');
INSERT INTO `users_communities` (`user_id`, `community_id`) VALUES ('34', '3');
INSERT INTO `users_communities` (`user_id`, `community_id`) VALUES ('35', '40');
INSERT INTO `users_communities` (`user_id`, `community_id`) VALUES ('36', '16');
INSERT INTO `users_communities` (`user_id`, `community_id`) VALUES ('37', '43');
INSERT INTO `users_communities` (`user_id`, `community_id`) VALUES ('38', '42');
INSERT INTO `users_communities` (`user_id`, `community_id`) VALUES ('39', '64');
INSERT INTO `users_communities` (`user_id`, `community_id`) VALUES ('40', '90');
INSERT INTO `users_communities` (`user_id`, `community_id`) VALUES ('41', '11');
INSERT INTO `users_communities` (`user_id`, `community_id`) VALUES ('42', '6');
INSERT INTO `users_communities` (`user_id`, `community_id`) VALUES ('43', '48');
INSERT INTO `users_communities` (`user_id`, `community_id`) VALUES ('44', '30');
INSERT INTO `users_communities` (`user_id`, `community_id`) VALUES ('45', '18');
INSERT INTO `users_communities` (`user_id`, `community_id`) VALUES ('46', '21');
INSERT INTO `users_communities` (`user_id`, `community_id`) VALUES ('47', '10');
INSERT INTO `users_communities` (`user_id`, `community_id`) VALUES ('48', '60');
INSERT INTO `users_communities` (`user_id`, `community_id`) VALUES ('49', '55');
INSERT INTO `users_communities` (`user_id`, `community_id`) VALUES ('50', '73');
INSERT INTO `users_communities` (`user_id`, `community_id`) VALUES ('51', '86');
INSERT INTO `users_communities` (`user_id`, `community_id`) VALUES ('52', '3');
INSERT INTO `users_communities` (`user_id`, `community_id`) VALUES ('53', '27');
INSERT INTO `users_communities` (`user_id`, `community_id`) VALUES ('54', '87');
INSERT INTO `users_communities` (`user_id`, `community_id`) VALUES ('55', '15');
INSERT INTO `users_communities` (`user_id`, `community_id`) VALUES ('56', '41');
INSERT INTO `users_communities` (`user_id`, `community_id`) VALUES ('57', '49');
INSERT INTO `users_communities` (`user_id`, `community_id`) VALUES ('58', '75');
INSERT INTO `users_communities` (`user_id`, `community_id`) VALUES ('59', '1');
INSERT INTO `users_communities` (`user_id`, `community_id`) VALUES ('60', '46');
INSERT INTO `users_communities` (`user_id`, `community_id`) VALUES ('61', '67');
INSERT INTO `users_communities` (`user_id`, `community_id`) VALUES ('62', '7');
INSERT INTO `users_communities` (`user_id`, `community_id`) VALUES ('63', '5');
INSERT INTO `users_communities` (`user_id`, `community_id`) VALUES ('64', '80');
INSERT INTO `users_communities` (`user_id`, `community_id`) VALUES ('65', '10');
INSERT INTO `users_communities` (`user_id`, `community_id`) VALUES ('66', '44');
INSERT INTO `users_communities` (`user_id`, `community_id`) VALUES ('67', '96');
INSERT INTO `users_communities` (`user_id`, `community_id`) VALUES ('68', '53');
INSERT INTO `users_communities` (`user_id`, `community_id`) VALUES ('69', '85');
INSERT INTO `users_communities` (`user_id`, `community_id`) VALUES ('70', '60');
INSERT INTO `users_communities` (`user_id`, `community_id`) VALUES ('71', '42');
INSERT INTO `users_communities` (`user_id`, `community_id`) VALUES ('72', '96');
INSERT INTO `users_communities` (`user_id`, `community_id`) VALUES ('73', '65');
INSERT INTO `users_communities` (`user_id`, `community_id`) VALUES ('74', '90');
INSERT INTO `users_communities` (`user_id`, `community_id`) VALUES ('75', '25');
INSERT INTO `users_communities` (`user_id`, `community_id`) VALUES ('76', '83');
INSERT INTO `users_communities` (`user_id`, `community_id`) VALUES ('77', '10');
INSERT INTO `users_communities` (`user_id`, `community_id`) VALUES ('78', '35');
INSERT INTO `users_communities` (`user_id`, `community_id`) VALUES ('79', '42');
INSERT INTO `users_communities` (`user_id`, `community_id`) VALUES ('80', '64');
INSERT INTO `users_communities` (`user_id`, `community_id`) VALUES ('81', '7');
INSERT INTO `users_communities` (`user_id`, `community_id`) VALUES ('82', '27');
INSERT INTO `users_communities` (`user_id`, `community_id`) VALUES ('83', '66');
INSERT INTO `users_communities` (`user_id`, `community_id`) VALUES ('84', '34');
INSERT INTO `users_communities` (`user_id`, `community_id`) VALUES ('85', '14');
INSERT INTO `users_communities` (`user_id`, `community_id`) VALUES ('86', '81');
INSERT INTO `users_communities` (`user_id`, `community_id`) VALUES ('87', '74');
INSERT INTO `users_communities` (`user_id`, `community_id`) VALUES ('88', '62');
INSERT INTO `users_communities` (`user_id`, `community_id`) VALUES ('89', '55');
INSERT INTO `users_communities` (`user_id`, `community_id`) VALUES ('90', '74');
INSERT INTO `users_communities` (`user_id`, `community_id`) VALUES ('91', '7');
INSERT INTO `users_communities` (`user_id`, `community_id`) VALUES ('92', '21');
INSERT INTO `users_communities` (`user_id`, `community_id`) VALUES ('93', '81');
INSERT INTO `users_communities` (`user_id`, `community_id`) VALUES ('94', '12');
INSERT INTO `users_communities` (`user_id`, `community_id`) VALUES ('95', '1');
INSERT INTO `users_communities` (`user_id`, `community_id`) VALUES ('96', '90');
INSERT INTO `users_communities` (`user_id`, `community_id`) VALUES ('97', '56');
INSERT INTO `users_communities` (`user_id`, `community_id`) VALUES ('98', '96');
INSERT INTO `users_communities` (`user_id`, `community_id`) VALUES ('99', '42');
INSERT INTO `users_communities` (`user_id`, `community_id`) VALUES ('100', '41');


#
# TABLE STRUCTURE FOR: likes
#

DROP TABLE IF EXISTS `likes`;

CREATE TABLE `likes` (
  `id` bigint(20) unsigned NOT NULL AUTO_INCREMENT,
  `user_id` bigint(20) unsigned NOT NULL,
  `media_id` bigint(20) unsigned NOT NULL,
  `created_at` datetime DEFAULT current_timestamp(),
  PRIMARY KEY (`id`),
  KEY `user_id` (`user_id`),
  KEY `media_id` (`media_id`),
  CONSTRAINT `likes_ibfk_1` FOREIGN KEY (`user_id`) REFERENCES `users` (`id`),
  CONSTRAINT `likes_ibfk_2` FOREIGN KEY (`media_id`) REFERENCES `media` (`id`)
) ENGINE=InnoDB AUTO_INCREMENT=101 DEFAULT CHARSET=utf8 COLLATE=utf8_unicode_ci;

INSERT INTO `likes` (`id`, `user_id`, `media_id`, `created_at`) VALUES ('1', '1', '1', '2006-07-23 13:45:28');
INSERT INTO `likes` (`id`, `user_id`, `media_id`, `created_at`) VALUES ('2', '2', '2', '2017-07-02 22:50:47');
INSERT INTO `likes` (`id`, `user_id`, `media_id`, `created_at`) VALUES ('3', '3', '3', '1985-05-16 03:49:41');
INSERT INTO `likes` (`id`, `user_id`, `media_id`, `created_at`) VALUES ('4', '4', '4', '2014-11-02 03:54:02');
INSERT INTO `likes` (`id`, `user_id`, `media_id`, `created_at`) VALUES ('5', '5', '5', '1998-07-16 20:36:59');
INSERT INTO `likes` (`id`, `user_id`, `media_id`, `created_at`) VALUES ('6', '6', '6', '2002-07-18 18:19:01');
INSERT INTO `likes` (`id`, `user_id`, `media_id`, `created_at`) VALUES ('7', '7', '7', '1982-02-08 19:23:48');
INSERT INTO `likes` (`id`, `user_id`, `media_id`, `created_at`) VALUES ('8', '8', '8', '2006-02-28 18:07:21');
INSERT INTO `likes` (`id`, `user_id`, `media_id`, `created_at`) VALUES ('9', '9', '9', '2008-06-07 17:44:29');
INSERT INTO `likes` (`id`, `user_id`, `media_id`, `created_at`) VALUES ('10', '10', '10', '2012-07-05 18:22:19');
INSERT INTO `likes` (`id`, `user_id`, `media_id`, `created_at`) VALUES ('11', '11', '11', '2007-12-28 06:13:39');
INSERT INTO `likes` (`id`, `user_id`, `media_id`, `created_at`) VALUES ('12', '12', '12', '2012-09-02 02:55:33');
INSERT INTO `likes` (`id`, `user_id`, `media_id`, `created_at`) VALUES ('13', '13', '13', '1988-12-22 14:54:33');
INSERT INTO `likes` (`id`, `user_id`, `media_id`, `created_at`) VALUES ('14', '14', '14', '1996-09-23 02:34:00');
INSERT INTO `likes` (`id`, `user_id`, `media_id`, `created_at`) VALUES ('15', '15', '15', '2004-02-21 11:55:37');
INSERT INTO `likes` (`id`, `user_id`, `media_id`, `created_at`) VALUES ('16', '16', '16', '2010-01-13 15:43:25');
INSERT INTO `likes` (`id`, `user_id`, `media_id`, `created_at`) VALUES ('17', '17', '17', '1993-09-29 12:32:10');
INSERT INTO `likes` (`id`, `user_id`, `media_id`, `created_at`) VALUES ('18', '18', '18', '1997-08-28 18:56:46');
INSERT INTO `likes` (`id`, `user_id`, `media_id`, `created_at`) VALUES ('19', '19', '19', '2020-03-09 16:03:38');
INSERT INTO `likes` (`id`, `user_id`, `media_id`, `created_at`) VALUES ('20', '20', '20', '2006-08-27 23:56:36');
INSERT INTO `likes` (`id`, `user_id`, `media_id`, `created_at`) VALUES ('21', '21', '21', '1993-05-14 04:35:57');
INSERT INTO `likes` (`id`, `user_id`, `media_id`, `created_at`) VALUES ('22', '22', '22', '2012-08-21 01:37:08');
INSERT INTO `likes` (`id`, `user_id`, `media_id`, `created_at`) VALUES ('23', '23', '23', '2004-08-04 12:18:37');
INSERT INTO `likes` (`id`, `user_id`, `media_id`, `created_at`) VALUES ('24', '24', '24', '1979-09-20 16:22:45');
INSERT INTO `likes` (`id`, `user_id`, `media_id`, `created_at`) VALUES ('25', '25', '25', '1982-10-21 17:04:41');
INSERT INTO `likes` (`id`, `user_id`, `media_id`, `created_at`) VALUES ('26', '26', '26', '2003-09-30 10:11:15');
INSERT INTO `likes` (`id`, `user_id`, `media_id`, `created_at`) VALUES ('27', '27', '27', '1986-08-05 19:51:24');
INSERT INTO `likes` (`id`, `user_id`, `media_id`, `created_at`) VALUES ('28', '28', '28', '1990-07-25 03:06:22');
INSERT INTO `likes` (`id`, `user_id`, `media_id`, `created_at`) VALUES ('29', '29', '29', '1996-11-29 16:27:42');
INSERT INTO `likes` (`id`, `user_id`, `media_id`, `created_at`) VALUES ('30', '30', '30', '2019-07-22 19:41:41');
INSERT INTO `likes` (`id`, `user_id`, `media_id`, `created_at`) VALUES ('31', '31', '31', '2005-06-10 07:06:46');
INSERT INTO `likes` (`id`, `user_id`, `media_id`, `created_at`) VALUES ('32', '32', '32', '1976-01-06 17:21:45');
INSERT INTO `likes` (`id`, `user_id`, `media_id`, `created_at`) VALUES ('33', '33', '33', '1999-02-05 01:09:49');
INSERT INTO `likes` (`id`, `user_id`, `media_id`, `created_at`) VALUES ('34', '34', '34', '2005-07-15 07:16:44');
INSERT INTO `likes` (`id`, `user_id`, `media_id`, `created_at`) VALUES ('35', '35', '35', '1972-06-13 17:29:26');
INSERT INTO `likes` (`id`, `user_id`, `media_id`, `created_at`) VALUES ('36', '36', '36', '1972-05-10 15:07:45');
INSERT INTO `likes` (`id`, `user_id`, `media_id`, `created_at`) VALUES ('37', '37', '37', '1997-01-04 07:02:40');
INSERT INTO `likes` (`id`, `user_id`, `media_id`, `created_at`) VALUES ('38', '38', '38', '1993-07-07 15:11:06');
INSERT INTO `likes` (`id`, `user_id`, `media_id`, `created_at`) VALUES ('39', '39', '39', '1979-02-16 09:11:17');
INSERT INTO `likes` (`id`, `user_id`, `media_id`, `created_at`) VALUES ('40', '40', '40', '1997-03-18 00:03:35');
INSERT INTO `likes` (`id`, `user_id`, `media_id`, `created_at`) VALUES ('41', '41', '41', '2014-08-05 03:45:13');
INSERT INTO `likes` (`id`, `user_id`, `media_id`, `created_at`) VALUES ('42', '42', '42', '2011-02-11 07:55:16');
INSERT INTO `likes` (`id`, `user_id`, `media_id`, `created_at`) VALUES ('43', '43', '43', '2012-03-05 01:30:38');
INSERT INTO `likes` (`id`, `user_id`, `media_id`, `created_at`) VALUES ('44', '44', '44', '2015-02-24 12:46:29');
INSERT INTO `likes` (`id`, `user_id`, `media_id`, `created_at`) VALUES ('45', '45', '45', '1997-06-15 21:32:01');
INSERT INTO `likes` (`id`, `user_id`, `media_id`, `created_at`) VALUES ('46', '46', '46', '2008-06-23 13:09:35');
INSERT INTO `likes` (`id`, `user_id`, `media_id`, `created_at`) VALUES ('47', '47', '47', '2010-10-05 05:49:25');
INSERT INTO `likes` (`id`, `user_id`, `media_id`, `created_at`) VALUES ('48', '48', '48', '1975-06-13 12:57:28');
INSERT INTO `likes` (`id`, `user_id`, `media_id`, `created_at`) VALUES ('49', '49', '49', '1970-09-15 21:12:47');
INSERT INTO `likes` (`id`, `user_id`, `media_id`, `created_at`) VALUES ('50', '50', '50', '1982-10-12 19:00:40');
INSERT INTO `likes` (`id`, `user_id`, `media_id`, `created_at`) VALUES ('51', '51', '51', '1975-06-03 05:05:06');
INSERT INTO `likes` (`id`, `user_id`, `media_id`, `created_at`) VALUES ('52', '52', '52', '1997-09-20 07:01:57');
INSERT INTO `likes` (`id`, `user_id`, `media_id`, `created_at`) VALUES ('53', '53', '53', '2004-03-09 04:01:59');
INSERT INTO `likes` (`id`, `user_id`, `media_id`, `created_at`) VALUES ('54', '54', '54', '1980-04-15 08:33:37');
INSERT INTO `likes` (`id`, `user_id`, `media_id`, `created_at`) VALUES ('55', '55', '55', '2015-02-16 16:22:02');
INSERT INTO `likes` (`id`, `user_id`, `media_id`, `created_at`) VALUES ('56', '56', '56', '2004-09-10 07:48:15');
INSERT INTO `likes` (`id`, `user_id`, `media_id`, `created_at`) VALUES ('57', '57', '57', '2007-04-24 23:36:29');
INSERT INTO `likes` (`id`, `user_id`, `media_id`, `created_at`) VALUES ('58', '58', '58', '1997-09-22 02:30:17');
INSERT INTO `likes` (`id`, `user_id`, `media_id`, `created_at`) VALUES ('59', '59', '59', '2019-09-30 23:12:23');
INSERT INTO `likes` (`id`, `user_id`, `media_id`, `created_at`) VALUES ('60', '60', '60', '2014-03-24 07:45:12');
INSERT INTO `likes` (`id`, `user_id`, `media_id`, `created_at`) VALUES ('61', '61', '61', '1980-01-25 23:28:26');
INSERT INTO `likes` (`id`, `user_id`, `media_id`, `created_at`) VALUES ('62', '62', '62', '1994-12-01 15:20:31');
INSERT INTO `likes` (`id`, `user_id`, `media_id`, `created_at`) VALUES ('63', '63', '63', '1983-08-23 08:51:59');
INSERT INTO `likes` (`id`, `user_id`, `media_id`, `created_at`) VALUES ('64', '64', '64', '1979-06-11 04:02:18');
INSERT INTO `likes` (`id`, `user_id`, `media_id`, `created_at`) VALUES ('65', '65', '65', '1996-02-04 00:34:49');
INSERT INTO `likes` (`id`, `user_id`, `media_id`, `created_at`) VALUES ('66', '66', '66', '1997-12-16 07:35:52');
INSERT INTO `likes` (`id`, `user_id`, `media_id`, `created_at`) VALUES ('67', '67', '67', '2015-06-14 16:12:25');
INSERT INTO `likes` (`id`, `user_id`, `media_id`, `created_at`) VALUES ('68', '68', '68', '2016-02-24 05:39:21');
INSERT INTO `likes` (`id`, `user_id`, `media_id`, `created_at`) VALUES ('69', '69', '69', '1979-02-28 23:15:44');
INSERT INTO `likes` (`id`, `user_id`, `media_id`, `created_at`) VALUES ('70', '70', '70', '1998-05-08 21:29:29');
INSERT INTO `likes` (`id`, `user_id`, `media_id`, `created_at`) VALUES ('71', '71', '71', '2013-03-21 00:33:20');
INSERT INTO `likes` (`id`, `user_id`, `media_id`, `created_at`) VALUES ('72', '72', '72', '1974-01-09 00:33:01');
INSERT INTO `likes` (`id`, `user_id`, `media_id`, `created_at`) VALUES ('73', '73', '73', '2017-01-30 15:31:15');
INSERT INTO `likes` (`id`, `user_id`, `media_id`, `created_at`) VALUES ('74', '74', '74', '2001-12-16 21:02:46');
INSERT INTO `likes` (`id`, `user_id`, `media_id`, `created_at`) VALUES ('75', '75', '75', '2014-01-19 08:53:48');
INSERT INTO `likes` (`id`, `user_id`, `media_id`, `created_at`) VALUES ('76', '76', '76', '2001-02-14 07:34:34');
INSERT INTO `likes` (`id`, `user_id`, `media_id`, `created_at`) VALUES ('77', '77', '77', '2013-08-10 06:01:41');
INSERT INTO `likes` (`id`, `user_id`, `media_id`, `created_at`) VALUES ('78', '78', '78', '1970-01-20 11:42:24');
INSERT INTO `likes` (`id`, `user_id`, `media_id`, `created_at`) VALUES ('79', '79', '79', '2014-07-27 10:04:40');
INSERT INTO `likes` (`id`, `user_id`, `media_id`, `created_at`) VALUES ('80', '80', '80', '1976-04-17 22:25:42');
INSERT INTO `likes` (`id`, `user_id`, `media_id`, `created_at`) VALUES ('81', '81', '81', '2010-10-29 02:42:08');
INSERT INTO `likes` (`id`, `user_id`, `media_id`, `created_at`) VALUES ('82', '82', '82', '2019-04-01 16:24:58');
INSERT INTO `likes` (`id`, `user_id`, `media_id`, `created_at`) VALUES ('83', '83', '83', '1977-08-21 12:42:00');
INSERT INTO `likes` (`id`, `user_id`, `media_id`, `created_at`) VALUES ('84', '84', '84', '1989-11-04 08:29:23');
INSERT INTO `likes` (`id`, `user_id`, `media_id`, `created_at`) VALUES ('85', '85', '85', '2007-12-09 17:43:42');
INSERT INTO `likes` (`id`, `user_id`, `media_id`, `created_at`) VALUES ('86', '86', '86', '1999-06-14 17:16:13');
INSERT INTO `likes` (`id`, `user_id`, `media_id`, `created_at`) VALUES ('87', '87', '87', '1975-06-13 19:17:29');
INSERT INTO `likes` (`id`, `user_id`, `media_id`, `created_at`) VALUES ('88', '88', '88', '1989-10-05 22:55:37');
INSERT INTO `likes` (`id`, `user_id`, `media_id`, `created_at`) VALUES ('89', '89', '89', '2018-05-23 11:32:32');
INSERT INTO `likes` (`id`, `user_id`, `media_id`, `created_at`) VALUES ('90', '90', '90', '2020-03-23 21:04:44');
INSERT INTO `likes` (`id`, `user_id`, `media_id`, `created_at`) VALUES ('91', '91', '91', '1993-01-09 12:51:23');
INSERT INTO `likes` (`id`, `user_id`, `media_id`, `created_at`) VALUES ('92', '92', '92', '1977-10-06 21:33:04');
INSERT INTO `likes` (`id`, `user_id`, `media_id`, `created_at`) VALUES ('93', '93', '93', '2009-06-28 17:49:30');
INSERT INTO `likes` (`id`, `user_id`, `media_id`, `created_at`) VALUES ('94', '94', '94', '1992-02-19 13:46:31');
INSERT INTO `likes` (`id`, `user_id`, `media_id`, `created_at`) VALUES ('95', '95', '95', '2014-09-05 00:28:45');
INSERT INTO `likes` (`id`, `user_id`, `media_id`, `created_at`) VALUES ('96', '96', '96', '1977-06-16 02:56:16');
INSERT INTO `likes` (`id`, `user_id`, `media_id`, `created_at`) VALUES ('97', '97', '97', '1996-02-19 17:21:25');
INSERT INTO `likes` (`id`, `user_id`, `media_id`, `created_at`) VALUES ('98', '98', '98', '1998-09-20 04:28:35');
INSERT INTO `likes` (`id`, `user_id`, `media_id`, `created_at`) VALUES ('99', '99', '99', '1977-04-11 22:37:28');
INSERT INTO `likes` (`id`, `user_id`, `media_id`, `created_at`) VALUES ('100', '100', '100', '1990-10-08 15:13:18');

